datetime;speyer;mannheim;worms;mainz
25.06.2017-00:15;315;236;144;244
25.06.2017-00:30;315;236;144;244
25.06.2017-00:45;316;237;143;244
25.06.2017-01:00;316;236;143;243
25.06.2017-01:15;316;237;143;242
25.06.2017-01:30;316;237;143;241
25.06.2017-01:45;315;236;143;240
25.06.2017-02:00;315;235;142;239
25.06.2017-02:15;315;236;143;239
25.06.2017-02:30;315;236;144;239
25.06.2017-02:45;315;234;144;238
25.06.2017-03:00;315;236;143;238
25.06.2017-03:15;316;235;142;238
25.06.2017-03:30;316;235;143;238
25.06.2017-03:45;316;235;141;238
25.06.2017-04:00;316;235;142;240
25.06.2017-04:15;315;236;142;239
25.06.2017-04:30;316;235;142;239
25.06.2017-04:45;315;236;142;240
25.06.2017-05:00;316;236;142;241
25.06.2017-05:15;316;235;142;240
25.06.2017-05:30;316;233;142;240
25.06.2017-05:45;315;234;142;241
25.06.2017-06:00;315;234;142;240
25.06.2017-06:15;316;234;141;239
25.06.2017-06:30;315;234;142;238
25.06.2017-06:45;316;233;140;238
25.06.2017-07:00;316;233;141;239
25.06.2017-07:15;315;234;141;239
25.06.2017-07:30;315;235;141;237
25.06.2017-07:45;315;233;141;238
25.06.2017-08:00;315;233;140;238
25.06.2017-08:15;314;234;141;238
25.06.2017-08:30;314;233;141;239
25.06.2017-08:45;314;233;141;238
25.06.2017-09:00;314;233;141;238
25.06.2017-09:15;314;233;141;238
25.06.2017-09:30;314;234;140;238
25.06.2017-09:45;314;233;140;238
25.06.2017-10:00;314;233;140;238
25.06.2017-10:15;313;233;140;238
25.06.2017-10:30;313;233;140;238
25.06.2017-10:45;313;233;140;239
25.06.2017-11:00;312;233;140;239
25.06.2017-11:15;312;233;140;239
25.06.2017-11:30;313;233;141;239
25.06.2017-11:45;312;232;140;239
25.06.2017-12:00;312;233;139;239
25.06.2017-12:15;313;233;140;238
25.06.2017-12:30;312;233;139;239
25.06.2017-12:45;311;232;139;238
25.06.2017-13:00;311;233;140;238
25.06.2017-13:15;311;233;139;239
25.06.2017-13:30;311;233;139;237
25.06.2017-13:45;311;233;140;238
25.06.2017-14:00;311;232;139;238
25.06.2017-14:15;311;232;140;239
25.06.2017-14:30;310;232;140;237
25.06.2017-14:45;310;232;140;237
25.06.2017-15:00;311;232;139;235
25.06.2017-15:15;311;232;139;235
25.06.2017-15:30;310;232;139;235
25.06.2017-15:45;310;232;139;236
25.06.2017-16:00;310;232;139;235
25.06.2017-16:15;309;231;139;235
25.06.2017-16:30;309;232;139;236
25.06.2017-16:45;310;231;140;237
25.06.2017-17:00;309;231;140;236
25.06.2017-17:15;309;232;139;237
25.06.2017-17:30;310;231;138;237
25.06.2017-17:45;309;232;138;238
25.06.2017-18:00;309;231;139;237
25.06.2017-18:15;309;232;139;236
25.06.2017-18:30;309;231;139;236
25.06.2017-18:45;310;231;139;235
25.06.2017-19:00;309;231;139;235
25.06.2017-19:15;309;231;139;235
25.06.2017-19:30;309;231;140;234
25.06.2017-19:45;308;231;139;235
25.06.2017-20:00;309;231;138;234
25.06.2017-20:15;308;230;139;233
25.06.2017-20:30;309;230;139;233
25.06.2017-20:45;309;230;139;233
25.06.2017-21:00;311;230;138;232
25.06.2017-21:15;310;231;138;232
25.06.2017-21:30;309;229;139;232
25.06.2017-21:45;309;230;138;232
25.06.2017-22:00;309;230;138;232
25.06.2017-22:15;310;229;139;232
25.06.2017-22:30;309;229;138;231
25.06.2017-22:45;309;229;138;231
25.06.2017-23:00;309;229;138;231
25.06.2017-23:15;309;229;139;230
25.06.2017-23:30;309;229;138;231
25.06.2017-23:45;310;229;138;231
25.06.2017-24:00;310;229;138;231
26.06.2017-00:15;311;229;137;229
26.06.2017-00:30;310;229;137;230
26.06.2017-00:45;310;228;137;230
26.06.2017-01:00;309;229;137;230
26.06.2017-01:15;309;228;137;232
26.06.2017-01:30;309;228;137;233
26.06.2017-01:45;309;228;137;233
26.06.2017-02:00;309;228;137;233
26.06.2017-02:15;309;227;136;234
26.06.2017-02:30;309;227;137;233
26.06.2017-02:45;309;227;136;233
26.06.2017-03:00;309;227;136;232
26.06.2017-03:15;309;227;136;233
26.06.2017-03:30;310;227;137;232
26.06.2017-03:45;310;228;136;232
26.06.2017-04:00;309;227;136;231
26.06.2017-04:15;309;226;136;231
26.06.2017-04:30;309;226;136;230
26.06.2017-04:45;309;227;136;230
26.06.2017-05:00;309;227;136;230
26.06.2017-05:15;308;227;136;230
26.06.2017-05:30;309;227;136;230
26.06.2017-05:45;309;226;135;230
26.06.2017-06:00;308;226;135;230
26.06.2017-06:15;309;226;136;229
26.06.2017-06:30;309;226;137;231
26.06.2017-06:45;309;226;135;232
26.06.2017-07:00;309;226;136;232
26.06.2017-07:15;309;226;135;233
26.06.2017-07:30;309;227;137;232
26.06.2017-07:45;309;226;137;233
26.06.2017-08:00;309;227;135;231
26.06.2017-08:15;309;227;134;230
26.06.2017-08:30;309;226;135;231
26.06.2017-08:45;308;227;135;230
26.06.2017-09:00;308;227;134;230
26.06.2017-09:15;309;228;135;230
26.06.2017-09:30;308;228;134;230
26.06.2017-09:45;308;226;134;231
26.06.2017-10:00;308;227;136;232
26.06.2017-10:15;309;227;135;231
26.06.2017-10:30;308;227;135;230
26.06.2017-10:45;309;227;135;232
26.06.2017-11:00;309;228;135;233
26.06.2017-11:15;307;226;135;233
26.06.2017-11:30;307;226;135;232
26.06.2017-11:45;308;227;136;233
26.06.2017-12:00;308;225;136;234
26.06.2017-12:15;308;228;134;233
26.06.2017-12:30;308;227;134;230
26.06.2017-12:45;308;227;134;232
26.06.2017-13:00;307;227;135;232
26.06.2017-13:15;307;228;135;230
26.06.2017-13:30;307;227;135;231
26.06.2017-13:45;307;227;134;230
26.06.2017-14:00;307;227;135;232
26.06.2017-14:15;307;226;134;232
26.06.2017-14:30;308;227;134;231
26.06.2017-14:45;307;226;134;232
26.06.2017-15:00;307;226;134;232
26.06.2017-15:15;307;226;134;233
26.06.2017-15:30;307;226;134;233
26.06.2017-15:45;308;227;135;233
26.06.2017-16:00;307;226;135;233
26.06.2017-16:15;307;226;133;233
26.06.2017-16:30;307;227;134;233
26.06.2017-16:45;306;224;135;232
26.06.2017-17:00;306;225;134;233
26.06.2017-17:15;307;226;134;233
26.06.2017-17:30;306;227;133;232
26.06.2017-17:45;307;223;133;233
26.06.2017-18:00;306;225;133;232
26.06.2017-18:15;306;226;134;231
26.06.2017-18:30;307;227;133;232
26.06.2017-18:45;307;224;133;230
26.06.2017-19:00;307;226;133;230
26.06.2017-19:15;306;225;133;230
26.06.2017-19:30;306;225;132;229
26.06.2017-19:45;306;225;133;229
26.06.2017-20:00;305;225;133;228
26.06.2017-20:15;307;225;134;228
26.06.2017-20:30;307;225;133;229
26.06.2017-20:45;307;225;133;228
26.06.2017-21:00;307;224;132;227
26.06.2017-21:15;308;224;132;227
26.06.2017-21:30;308;225;133;227
26.06.2017-21:45;306;225;132;226
26.06.2017-22:00;306;226;133;226
26.06.2017-22:15;308;225;132;226
26.06.2017-22:30;307;225;132;226
26.06.2017-22:45;307;225;132;226
26.06.2017-23:00;307;225;133;225
26.06.2017-23:15;306;225;132;225
26.06.2017-23:30;306;225;132;225
26.06.2017-23:45;306;224;132;225
26.06.2017-24:00;306;224;133;226
27.06.2017-00:15;306;224;133;226
27.06.2017-00:30;307;225;132;226
27.06.2017-00:45;308;225;133;227
27.06.2017-01:00;308;225;133;227
27.06.2017-01:15;308;225;133;227
27.06.2017-01:30;307;223;132;227
27.06.2017-01:45;307;225;132;228
27.06.2017-02:00;307;225;132;227
27.06.2017-02:15;307;225;132;227
27.06.2017-02:30;307;225;132;228
27.06.2017-02:45;307;224;132;228
27.06.2017-03:00;307;225;132;227
27.06.2017-03:15;307;224;132;227
27.06.2017-03:30;308;225;132;227
27.06.2017-03:45;308;225;133;227
27.06.2017-04:00;310;225;133;227
27.06.2017-04:15;309;225;132;226
27.06.2017-04:30;308;225;133;227
27.06.2017-04:45;308;225;132;227
27.06.2017-05:00;309;225;132;227
27.06.2017-05:15;308;224;132;228
27.06.2017-05:30;308;225;132;228
27.06.2017-05:45;309;224;132;230
27.06.2017-06:00;309;225;133;228
27.06.2017-06:15;309;226;133;229
27.06.2017-06:30;308;226;132;230
27.06.2017-06:45;309;225;133;229
27.06.2017-07:00;308;226;134;229
27.06.2017-07:15;309;226;133;230
27.06.2017-07:30;310;226;133;231
27.06.2017-07:45;309;226;133;230
27.06.2017-08:00;309;227;134;231
27.06.2017-08:15;309;227;134;229
27.06.2017-08:30;309;228;134;228
27.06.2017-08:45;309;227;134;229
27.06.2017-09:00;309;228;133;228
27.06.2017-09:15;310;228;134;227
27.06.2017-09:30;309;227;134;226
27.06.2017-09:45;309;228;134;229
27.06.2017-10:00;309;227;134;228
27.06.2017-10:15;309;228;134;227
27.06.2017-10:30;309;227;136;228
27.06.2017-10:45;308;229;136;227
27.06.2017-11:00;309;228;135;228
27.06.2017-11:15;310;228;135;230
27.06.2017-11:30;311;229;136;232
27.06.2017-11:45;311;229;135;232
27.06.2017-12:00;310;230;136;231
27.06.2017-12:15;310;230;137;232
27.06.2017-12:30;309;230;137;233
27.06.2017-12:45;310;232;138;232
27.06.2017-13:00;309;231;137;231
27.06.2017-13:15;309;232;137;229
27.06.2017-13:30;309;232;138;230
27.06.2017-13:45;309;232;139;229
27.06.2017-14:00;309;233;139;227
27.06.2017-14:15;309;233;139;227
27.06.2017-14:30;310;234;140;227
27.06.2017-14:45;309;235;141;226
27.06.2017-15:00;309;236;141;226
27.06.2017-15:15;310;236;141;225
27.06.2017-15:30;309;237;141;225
27.06.2017-15:45;309;239;142;227
27.06.2017-16:00;309;239;143;228
27.06.2017-16:15;309;241;144;228
27.06.2017-16:30;309;241;145;229
27.06.2017-16:45;309;240;145;229
27.06.2017-17:00;310;238;147;229
27.06.2017-17:15;310;237;146;229
27.06.2017-17:30;310;237;147;230
27.06.2017-17:45;310;236;148;228
27.06.2017-18:00;310;236;147;230
27.06.2017-18:15;310;235;147;230
27.06.2017-18:30;310;235;146;229
27.06.2017-18:45;311;234;146;228
27.06.2017-19:00;311;233;146;229
27.06.2017-19:15;311;233;146;229
27.06.2017-19:30;310;233;145;229
27.06.2017-19:45;310;233;145;229
27.06.2017-20:00;311;233;144;230
27.06.2017-20:15;310;233;144;231
27.06.2017-20:30;311;232;144;230
27.06.2017-20:45;310;232;144;230
27.06.2017-21:00;310;231;143;230
27.06.2017-21:15;310;232;143;231
27.06.2017-21:30;310;232;143;230
27.06.2017-21:45;310;232;142;231
27.06.2017-22:00;311;232;142;231
27.06.2017-22:15;311;232;142;231
27.06.2017-22:30;311;231;142;232
27.06.2017-22:45;311;232;141;232
27.06.2017-23:00;311;232;141;232
27.06.2017-23:15;311;232;141;232
27.06.2017-23:30;311;232;141;232
27.06.2017-23:45;311;232;141;232
27.06.2017-24:00;311;232;141;231
28.06.2017-00:15;311;233;141;232
28.06.2017-00:30;312;233;141;232
28.06.2017-00:45;312;232;140;232
28.06.2017-01:00;312;233;140;232
28.06.2017-01:15;312;233;141;232
28.06.2017-01:30;312;233;140;233
28.06.2017-01:45;312;232;140;233
28.06.2017-02:00;312;232;141;232
28.06.2017-02:15;313;233;140;232
28.06.2017-02:30;313;233;141;233
28.06.2017-02:45;313;233;141;233
28.06.2017-03:00;313;233;140;231
28.06.2017-03:15;313;233;141;231
28.06.2017-03:30;313;233;141;231
28.06.2017-03:45;313;233;142;230
28.06.2017-04:00;314;233;141;230
28.06.2017-04:15;314;233;141;231
28.06.2017-04:30;314;233;141;231
28.06.2017-04:45;315;234;142;230
28.06.2017-05:00;314;233;142;231
28.06.2017-05:15;315;234;142;231
28.06.2017-05:30;315;234;141;230
28.06.2017-05:45;316;235;142;231
28.06.2017-06:00;316;234;142;231
28.06.2017-06:15;316;235;142;230
28.06.2017-06:30;317;235;143;229
28.06.2017-06:45;316;235;142;230
28.06.2017-07:00;317;235;143;229
28.06.2017-07:15;317;235;144;230
28.06.2017-07:30;317;235;144;229
28.06.2017-07:45;318;236;144;229
28.06.2017-08:00;318;237;143;229
28.06.2017-08:15;318;236;143;229
28.06.2017-08:30;317;235;144;229
28.06.2017-08:45;318;237;144;229
28.06.2017-09:00;317;238;144;228
28.06.2017-09:15;317;236;145;229
28.06.2017-09:30;318;237;144;228
28.06.2017-09:45;318;237;145;229
28.06.2017-10:00;318;237;144;230
28.06.2017-10:15;318;236;144;231
28.06.2017-10:30;318;237;145;233
28.06.2017-10:45;318;236;144;233
28.06.2017-11:00;319;237;145;235
28.06.2017-11:15;319;237;144;236
28.06.2017-11:30;320;238;144;236
28.06.2017-11:45;320;237;144;236
28.06.2017-12:00;320;238;144;237
28.06.2017-12:15;320;237;144;236
28.06.2017-12:30;320;237;145;235
28.06.2017-12:45;319;238;144;235
28.06.2017-13:00;319;238;144;235
28.06.2017-13:15;319;238;145;235
28.06.2017-13:30;320;239;144;236
28.06.2017-13:45;319;239;145;236
28.06.2017-14:00;319;239;145;236
28.06.2017-14:15;319;239;145;238
28.06.2017-14:30;319;240;145;237
28.06.2017-14:45;320;239;145;238
28.06.2017-15:00;319;240;146;240
28.06.2017-15:15;319;240;146;239
28.06.2017-15:30;319;239;146;241
28.06.2017-15:45;318;240;146;240
28.06.2017-16:00;318;240;146;240
28.06.2017-16:15;318;241;147;240
28.06.2017-16:30;318;241;148;239
28.06.2017-16:45;318;241;147;239
28.06.2017-17:00;319;241;148;238
28.06.2017-17:15;318;241;148;238
28.06.2017-17:30;319;241;148;238
28.06.2017-17:45;319;242;148;237
28.06.2017-18:00;319;243;148;238
28.06.2017-18:15;318;242;149;237
28.06.2017-18:30;318;242;150;238
28.06.2017-18:45;319;242;150;237
28.06.2017-19:00;318;242;149;237
28.06.2017-19:15;319;243;149;236
28.06.2017-19:30;319;243;150;235
28.06.2017-19:45;319;242;150;235
28.06.2017-20:00;319;242;150;236
28.06.2017-20:15;319;243;150;235
28.06.2017-20:30;319;244;150;235
28.06.2017-20:45;319;244;150;234
28.06.2017-21:00;319;244;151;235
28.06.2017-21:15;319;245;151;234
28.06.2017-21:30;319;245;151;234
28.06.2017-21:45;319;244;151;234
28.06.2017-22:00;320;244;152;234
28.06.2017-22:15;320;244;152;234
28.06.2017-22:30;320;244;153;235
28.06.2017-22:45;320;244;152;237
28.06.2017-23:00;321;244;152;237
28.06.2017-23:15;322;243;152;237
28.06.2017-23:30;322;244;153;236
28.06.2017-23:45;322;244;152;237
28.06.2017-24:00;322;244;152;237
29.06.2017-00:15;322;244;153;236
29.06.2017-00:30;322;243;153;236
29.06.2017-00:45;322;244;152;237
29.06.2017-01:00;323;244;152;236
29.06.2017-01:15;323;245;152;236
29.06.2017-01:30;324;244;152;237
29.06.2017-01:45;324;245;153;238
29.06.2017-02:00;325;245;153;238
29.06.2017-02:15;325;244;153;237
29.06.2017-02:30;325;245;153;237
29.06.2017-02:45;325;246;153;238
29.06.2017-03:00;326;246;153;238
29.06.2017-03:15;327;246;153;238
29.06.2017-03:30;327;246;154;239
29.06.2017-03:45;328;246;154;241
29.06.2017-04:00;328;246;154;242
29.06.2017-04:15;328;248;155;243
29.06.2017-04:30;328;248;154;244
29.06.2017-04:45;328;248;155;244
29.06.2017-05:00;328;249;156;245
29.06.2017-05:15;328;250;156;245
29.06.2017-05:30;328;250;156;245
29.06.2017-05:45;330;251;156;245
29.06.2017-06:00;329;252;157;245
29.06.2017-06:15;330;253;158;245
29.06.2017-06:30;331;253;158;244
29.06.2017-06:45;330;254;160;245
29.06.2017-07:00;330;255;160;245
29.06.2017-07:15;330;256;160;245
29.06.2017-07:30;332;257;161;245
29.06.2017-07:45;332;257;162;244
29.06.2017-08:00;332;259;162;245
29.06.2017-08:15;331;259;163;245
29.06.2017-08:30;332;260;164;245
29.06.2017-08:45;332;258;164;245
29.06.2017-09:00;331;260;165;245
29.06.2017-09:15;331;261;166;245
29.06.2017-09:30;331;261;166;245
29.06.2017-09:45;332;262;167;246
29.06.2017-10:00;332;262;168;246
29.06.2017-10:15;332;263;168;246
29.06.2017-10:30;332;264;168;247
29.06.2017-10:45;333;265;170;247
29.06.2017-11:00;333;266;170;247
29.06.2017-11:15;333;269;171;249
29.06.2017-11:30;334;269;172;250
29.06.2017-11:45;334;270;173;251
29.06.2017-12:00;333;271;174;252
29.06.2017-12:15;333;273;175;253
29.06.2017-12:30;334;273;176;253
29.06.2017-12:45;334;273;177;254
29.06.2017-13:00;333;274;178;254
29.06.2017-13:15;334;273;178;255
29.06.2017-13:30;334;274;179;255
29.06.2017-13:45;334;274;180;255
29.06.2017-14:00;334;275;181;254
29.06.2017-14:15;334;276;181;255
29.06.2017-14:30;335;276;182;255
29.06.2017-14:45;335;277;182;255
29.06.2017-15:00;335;279;183;255
29.06.2017-15:15;336;279;184;256
29.06.2017-15:30;335;280;185;257
29.06.2017-15:45;335;281;185;258
29.06.2017-16:00;335;281;186;258
29.06.2017-16:15;335;282;187;259
29.06.2017-16:30;335;283;188;259
29.06.2017-16:45;336;284;189;259
29.06.2017-17:00;336;284;190;260
29.06.2017-17:15;336;286;190;261
29.06.2017-17:30;336;287;192;259
29.06.2017-17:45;337;289;193;260
29.06.2017-18:00;337;289;194;262
29.06.2017-18:15;338;289;195;264
29.06.2017-18:30;338;289;195;263
29.06.2017-18:45;338;289;197;265
29.06.2017-19:00;339;290;196;266
29.06.2017-19:15;339;290;198;267
29.06.2017-19:30;339;290;198;269
29.06.2017-19:45;340;288;199;270
29.06.2017-20:00;340;288;198;272
29.06.2017-20:15;341;288;198;273
29.06.2017-20:30;341;287;198;274
29.06.2017-20:45;342;286;198;276
29.06.2017-21:00;342;285;198;277
29.06.2017-21:15;343;285;198;278
29.06.2017-21:30;344;284;197;279
29.06.2017-21:45;345;284;197;280
29.06.2017-22:00;347;282;196;280
29.06.2017-22:15;346;283;196;280
29.06.2017-22:30;346;283;195;280
29.06.2017-22:45;346;282;195;279
29.06.2017-23:00;347;282;194;279
29.06.2017-23:15;347;283;194;280
29.06.2017-23:30;348;283;193;280
29.06.2017-23:45;348;282;193;281
29.06.2017-24:00;349;282;193;282
30.06.2017-00:15;350;282;193;283
30.06.2017-00:30;350;282;193;282
30.06.2017-00:45;351;283;192;282
30.06.2017-01:00;351;284;192;283
30.06.2017-01:15;352;284;192;283
30.06.2017-01:30;352;285;193;283
30.06.2017-01:45;353;285;192;283
30.06.2017-02:00;354;287;192;282
30.06.2017-02:15;354;285;193;283
30.06.2017-02:30;354;286;193;283
30.06.2017-02:45;355;286;193;283
30.06.2017-03:00;355;286;194;283
30.06.2017-03:15;356;286;194;283
30.06.2017-03:30;356;285;194;283
30.06.2017-03:45;357;286;194;283
30.06.2017-04:00;357;285;194;283
30.06.2017-04:15;357;286;194;283
30.06.2017-04:30;357;286;194;283
30.06.2017-04:45;358;285;193;283
30.06.2017-05:00;359;287;194;284
30.06.2017-05:15;359;287;194;286
30.06.2017-05:30;359;287;194;286
30.06.2017-05:45;359;286;193;286
30.06.2017-06:00;360;287;193;286
30.06.2017-06:15;360;286;194;286
30.06.2017-06:30;361;287;193;286
30.06.2017-06:45;361;286;194;286
30.06.2017-07:00;361;286;194;287
30.06.2017-07:15;361;286;193;289
30.06.2017-07:30;362;287;193;290
30.06.2017-07:45;363;286;193;291
30.06.2017-08:00;363;286;193;290
30.06.2017-08:15;362;286;194;291
30.06.2017-08:30;362;286;193;291
30.06.2017-08:45;362;287;194;291
30.06.2017-09:00;363;286;193;290
30.06.2017-09:15;362;286;193;291
30.06.2017-09:30;362;286;193;291
30.06.2017-09:45;363;287;194;291
30.06.2017-10:00;362;287;194;291
30.06.2017-10:15;362;287;193;291
30.06.2017-10:30;363;287;193;292
30.06.2017-10:45;362;287;193;292
30.06.2017-11:00;362;288;194;292
30.06.2017-11:15;361;288;194;292
30.06.2017-11:30;361;289;193;292
30.06.2017-11:45;360;288;195;291
30.06.2017-12:00;360;289;193;291
30.06.2017-12:15;360;288;194;290
30.06.2017-12:30;360;288;194;291
30.06.2017-12:45;360;288;194;290
30.06.2017-13:00;360;288;195;288
30.06.2017-13:15;360;288;194;289
30.06.2017-13:30;360;287;194;287
30.06.2017-13:45;360;287;194;287
30.06.2017-14:00;359;287;194;288
30.06.2017-14:15;359;286;193;288
30.06.2017-14:30;359;287;194;288
30.06.2017-14:45;359;287;193;288
30.06.2017-15:00;359;285;193;288
30.06.2017-15:15;358;287;193;288
30.06.2017-15:30;358;287;194;288
30.06.2017-15:45;358;286;192;287
30.06.2017-16:00;357;286;193;288
30.06.2017-16:15;357;287;192;287
30.06.2017-16:30;357;287;193;286
30.06.2017-16:45;356;285;193;287
30.06.2017-17:00;356;286;193;287
30.06.2017-17:15;357;287;192;286
30.06.2017-17:30;357;286;192;287
30.06.2017-17:45;355;287;192;287
30.06.2017-18:00;355;287;193;287
30.06.2017-18:15;355;286;193;286
30.06.2017-18:30;355;287;192;285
30.06.2017-18:45;355;288;192;283
30.06.2017-19:00;355;285;192;283
30.06.2017-19:15;355;286;192;283
30.06.2017-19:30;355;287;192;283
30.06.2017-19:45;355;288;192;281
30.06.2017-20:00;354;288;192;282
30.06.2017-20:15;353;288;192;283
30.06.2017-20:30;353;287;193;284
30.06.2017-20:45;353;287;192;284
30.06.2017-21:00;353;287;192;285
30.06.2017-21:15;353;287;192;286
30.06.2017-21:30;352;286;192;286
30.06.2017-21:45;352;287;192;286
30.06.2017-22:00;352;286;192;286
30.06.2017-22:15;352;287;193;287
30.06.2017-22:30;352;285;192;288
30.06.2017-22:45;352;286;192;288
30.06.2017-23:00;353;285;192;287
30.06.2017-23:15;353;285;192;288
30.06.2017-23:30;352;285;192;289
30.06.2017-23:45;352;284;192;289
30.06.2017-24:00;351;284;191;290
01.07.2017-00:15;351;284;191;290
01.07.2017-00:30;351;284;191;290
01.07.2017-00:45;351;283;191;291
01.07.2017-01:00;352;283;190;292
01.07.2017-01:15;352;283;190;292
01.07.2017-01:30;351;283;190;293
01.07.2017-01:45;351;283;190;294
01.07.2017-02:00;351;282;190;293
01.07.2017-02:15;351;282;190;294
01.07.2017-02:30;351;282;189;294
01.07.2017-02:45;351;282;189;295
01.07.2017-03:00;351;282;189;295
01.07.2017-03:15;351;281;189;295
01.07.2017-03:30;351;281;188;296
01.07.2017-03:45;351;282;188;295
01.07.2017-04:00;352;282;189;296
01.07.2017-04:15;351;281;188;295
01.07.2017-04:30;351;279;188;295
01.07.2017-04:45;351;280;188;294
01.07.2017-05:00;351;280;188;294
01.07.2017-05:15;351;279;187;294
01.07.2017-05:30;351;279;187;294
01.07.2017-05:45;351;278;187;292
01.07.2017-06:00;351;278;187;292
01.07.2017-06:15;353;279;187;291
01.07.2017-06:30;353;278;187;290
01.07.2017-06:45;353;279;186;290
01.07.2017-07:00;354;278;186;289
01.07.2017-07:15;352;279;186;289
01.07.2017-07:30;352;277;186;288
01.07.2017-07:45;353;279;186;288
01.07.2017-08:00;353;278;185;287
01.07.2017-08:15;352;278;186;288
01.07.2017-08:30;352;277;185;288
01.07.2017-08:45;352;277;185;289
01.07.2017-09:00;353;278;186;289
01.07.2017-09:15;352;277;186;289
01.07.2017-09:30;353;277;185;288
01.07.2017-09:45;353;277;185;288
01.07.2017-10:00;352;277;185;288
01.07.2017-10:15;352;277;185;289
01.07.2017-10:30;352;276;185;289
01.07.2017-10:45;352;275;185;288
01.07.2017-11:00;352;275;184;289
01.07.2017-11:15;352;275;184;290
01.07.2017-11:30;352;276;183;289
01.07.2017-11:45;352;276;183;289
01.07.2017-12:00;351;274;183;289
01.07.2017-12:15;351;275;183;289
01.07.2017-12:30;351;275;183;289
01.07.2017-12:45;351;276;183;288
01.07.2017-13:00;351;274;183;288
01.07.2017-13:15;351;274;182;289
01.07.2017-13:30;351;275;182;289
01.07.2017-13:45;351;274;182;289
01.07.2017-14:00;351;274;182;289
01.07.2017-14:15;351;274;182;291
01.07.2017-14:30;351;275;182;292
01.07.2017-14:45;351;274;181;292
01.07.2017-15:00;351;274;181;292
01.07.2017-15:15;351;275;181;291
01.07.2017-15:30;350;274;181;291
01.07.2017-15:45;351;274;181;291
01.07.2017-16:00;350;274;181;290
01.07.2017-16:15;350;274;182;290
01.07.2017-16:30;350;274;180;290
01.07.2017-16:45;351;273;181;290
01.07.2017-17:00;351;274;181;290
01.07.2017-17:15;352;273;180;288
01.07.2017-17:30;351;273;180;289
01.07.2017-17:45;351;273;180;288
01.07.2017-18:00;351;274;180;288
01.07.2017-18:15;351;272;180;289
01.07.2017-18:30;351;273;179;288
01.07.2017-18:45;351;273;179;287
01.07.2017-19:00;351;273;179;287
01.07.2017-19:15;351;273;180;287
01.07.2017-19:30;350;273;179;287
01.07.2017-19:45;351;273;179;287
01.07.2017-20:00;351;273;179;286
01.07.2017-20:15;352;273;179;287
01.07.2017-20:30;352;272;179;286
01.07.2017-20:45;352;272;179;286
01.07.2017-21:00;351;272;179;286
01.07.2017-21:15;351;273;179;286
01.07.2017-21:30;350;273;179;286
01.07.2017-21:45;350;273;179;286
01.07.2017-22:00;350;271;179;285
01.07.2017-22:15;350;272;179;285
01.07.2017-22:30;351;272;179;285
01.07.2017-22:45;350;272;178;285
01.07.2017-23:00;350;272;178;285
01.07.2017-23:15;350;273;179;285
01.07.2017-23:30;349;273;178;284
01.07.2017-23:45;350;273;178;284
01.07.2017-24:00;349;273;178;283
02.07.2017-00:15;349;274;178;283
02.07.2017-00:30;349;273;179;283
02.07.2017-00:45;350;273;179;283
02.07.2017-01:00;350;273;178;283
02.07.2017-01:15;349;273;178;284
02.07.2017-01:30;349;273;178;283
02.07.2017-01:45;349;272;179;282
02.07.2017-02:00;349;273;178;283
02.07.2017-02:15;349;273;178;282
02.07.2017-02:30;349;274;178;282
02.07.2017-02:45;350;273;178;283
02.07.2017-03:00;350;273;179;282
02.07.2017-03:15;350;273;178;282
02.07.2017-03:30;349;273;178;283
02.07.2017-03:45;349;273;179;283
02.07.2017-04:00;349;274;178;284
02.07.2017-04:15;349;273;178;283
02.07.2017-04:30;349;274;178;283
02.07.2017-04:45;349;274;178;284
02.07.2017-05:00;349;274;178;284
02.07.2017-05:15;349;275;178;284
02.07.2017-05:30;350;272;177;284
02.07.2017-05:45;350;274;178;283
02.07.2017-06:00;349;273;178;282
02.07.2017-06:15;349;274;178;282
02.07.2017-06:30;350;274;178;282
02.07.2017-06:45;349;274;178;282
02.07.2017-07:00;350;274;177;283
02.07.2017-07:15;350;274;177;281
02.07.2017-07:30;351;273;178;281
02.07.2017-07:45;350;273;179;280
02.07.2017-08:00;351;274;178;281
02.07.2017-08:15;350;274;178;281
02.07.2017-08:30;350;274;178;280
02.07.2017-08:45;350;273;177;281
02.07.2017-09:00;349;273;178;280
02.07.2017-09:15;350;273;179;281
02.07.2017-09:30;350;273;177;280
02.07.2017-09:45;350;274;179;280
02.07.2017-10:00;350;273;178;280
02.07.2017-10:15;349;273;178;281
02.07.2017-10:30;350;273;178;281
02.07.2017-10:45;350;273;177;281
02.07.2017-11:00;350;273;178;281
02.07.2017-11:15;350;272;178;281
02.07.2017-11:30;350;274;178;280
02.07.2017-11:45;350;274;177;281
02.07.2017-12:00;350;273;177;280
02.07.2017-12:15;350;272;177;280
02.07.2017-12:30;350;273;177;280
02.07.2017-12:45;349;272;178;280
02.07.2017-13:00;348;272;178;280
02.07.2017-13:15;349;271;177;280
02.07.2017-13:30;349;272;177;279
02.07.2017-13:45;348;273;177;277
02.07.2017-14:00;348;271;177;275
02.07.2017-14:15;348;271;177;275
02.07.2017-14:30;349;272;177;274
02.07.2017-14:45;349;272;177;274
02.07.2017-15:00;348;271;177;274
02.07.2017-15:15;347;271;177;275
02.07.2017-15:30;347;271;176;274
02.07.2017-15:45;346;271;176;274
02.07.2017-16:00;346;272;176;274
02.07.2017-16:15;347;271;176;274
02.07.2017-16:30;346;271;176;274
02.07.2017-16:45;347;271;176;272
02.07.2017-17:00;348;270;176;272
02.07.2017-17:15;347;270;176;272
02.07.2017-17:30;345;270;176;272
02.07.2017-17:45;345;270;175;271
02.07.2017-18:00;345;270;176;273
02.07.2017-18:15;345;269;175;270
02.07.2017-18:30;345;269;175;270
02.07.2017-18:45;346;270;176;270
02.07.2017-19:00;346;269;177;269
02.07.2017-19:15;345;269;174;268
02.07.2017-19:30;345;269;174;268
02.07.2017-19:45;345;269;175;268
02.07.2017-20:00;346;269;174;267
02.07.2017-20:15;345;270;175;268
02.07.2017-20:30;345;269;174;268
02.07.2017-20:45;345;270;175;268
02.07.2017-21:00;345;270;175;267
02.07.2017-21:15;345;268;175;267
02.07.2017-21:30;345;269;174;267
02.07.2017-21:45;345;269;174;267
02.07.2017-22:00;346;269;175;266
02.07.2017-22:15;346;268;174;265
02.07.2017-22:30;345;269;175;266
02.07.2017-22:45;345;268;174;266
02.07.2017-23:00;345;269;175;265
02.07.2017-23:15;345;268;173;265
02.07.2017-23:30;346;269;173;267
02.07.2017-23:45;346;269;173;267
02.07.2017-24:00;346;269;174;267
03.07.2017-00:15;346;269;173;266
03.07.2017-00:30;346;268;173;266
03.07.2017-00:45;346;269;173;266
03.07.2017-01:00;346;269;174;266
03.07.2017-01:15;346;267;173;265
03.07.2017-01:30;346;268;173;266
03.07.2017-01:45;346;268;174;267
03.07.2017-02:00;347;268;174;268
03.07.2017-02:15;347;268;173;268
03.07.2017-02:30;347;268;174;268
03.07.2017-02:45;346;269;173;268
03.07.2017-03:00;346;268;173;268
03.07.2017-03:15;346;268;173;267
03.07.2017-03:30;346;268;173;266
03.07.2017-03:45;346;269;173;266
03.07.2017-04:00;347;268;173;266
03.07.2017-04:15;348;268;173;266
03.07.2017-04:30;347;269;173;265
03.07.2017-04:45;347;267;173;264
03.07.2017-05:00;346;268;173;264
03.07.2017-05:15;346;268;172;265
03.07.2017-05:30;346;267;172;265
03.07.2017-05:45;346;267;173;263
03.07.2017-06:00;346;267;173;263
03.07.2017-06:15;347;268;173;264
03.07.2017-06:30;347;268;174;264
03.07.2017-06:45;347;268;173;263
03.07.2017-07:00;347;268;173;263
03.07.2017-07:15;347;267;173;263
03.07.2017-07:30;347;267;173;263
03.07.2017-07:45;347;267;172;262
03.07.2017-08:00;347;266;173;262
03.07.2017-08:15;346;268;173;261
03.07.2017-08:30;346;266;173;262
03.07.2017-08:45;346;267;173;262
03.07.2017-09:00;346;267;173;262
03.07.2017-09:15;346;267;172;263
03.07.2017-09:30;345;267;172;263
03.07.2017-09:45;346;268;172;263
03.07.2017-10:00;345;267;173;263
03.07.2017-10:15;346;267;173;263
03.07.2017-10:30;345;267;173;264
03.07.2017-10:45;344;267;173;264
03.07.2017-11:00;345;267;172;264
03.07.2017-11:15;344;266;172;264
03.07.2017-11:30;344;268;173;263
03.07.2017-11:45;343;267;173;264
03.07.2017-12:00;343;267;173;263
03.07.2017-12:15;343;268;173;262
03.07.2017-12:30;343;267;173;263
03.07.2017-12:45;343;266;173;262
03.07.2017-13:00;342;267;172;262
03.07.2017-13:15;342;266;173;263
03.07.2017-13:30;342;267;172;262
03.07.2017-13:45;342;267;173;262
03.07.2017-14:00;341;267;173;262
03.07.2017-14:15;341;266;173;263
03.07.2017-14:30;340;267;172;263
03.07.2017-14:45;340;266;173;263
03.07.2017-15:00;341;266;173;265
03.07.2017-15:15;341;266;172;263
03.07.2017-15:30;341;266;173;264
03.07.2017-15:45;340;265;171;263
03.07.2017-16:00;339;266;172;263
03.07.2017-16:15;339;266;173;264
03.07.2017-16:30;338;266;173;265
03.07.2017-16:45;337;266;172;266
03.07.2017-17:00;337;266;173;266
03.07.2017-17:15;337;265;171;266
03.07.2017-17:30;338;265;172;266
03.07.2017-17:45;338;265;172;265
03.07.2017-18:00;338;265;172;265
03.07.2017-18:15;337;264;171;265
03.07.2017-18:30;337;264;171;265
03.07.2017-18:45;337;265;171;264
03.07.2017-19:00;337;264;172;263
03.07.2017-19:15;336;264;172;264
03.07.2017-19:30;337;264;171;264
03.07.2017-19:45;337;264;171;263
03.07.2017-20:00;337;263;172;262
03.07.2017-20:15;337;262;171;263
03.07.2017-20:30;337;263;171;264
03.07.2017-20:45;338;264;171;263
03.07.2017-21:00;337;263;171;262
03.07.2017-21:15;336;264;170;262
03.07.2017-21:30;337;262;171;263
03.07.2017-21:45;336;263;170;263
03.07.2017-22:00;336;262;170;262
03.07.2017-22:15;336;262;170;262
03.07.2017-22:30;336;262;170;262
03.07.2017-22:45;336;262;169;263
03.07.2017-23:00;335;262;170;262
03.07.2017-23:15;335;262;170;261
03.07.2017-23:30;335;261;169;261
03.07.2017-23:45;337;261;169;262
03.07.2017-24:00;337;261;169;261
04.07.2017-00:15;336;261;169;261
04.07.2017-00:30;336;261;168;261
04.07.2017-00:45;337;261;168;261
04.07.2017-01:00;336;260;168;261
04.07.2017-01:15;337;260;168;261
04.07.2017-01:30;338;260;168;262
04.07.2017-01:45;338;259;167;262
04.07.2017-02:00;338;260;168;261
04.07.2017-02:15;337;259;167;260
04.07.2017-02:30;337;259;167;261
04.07.2017-02:45;337;259;167;261
04.07.2017-03:00;337;259;167;260
04.07.2017-03:15;339;259;167;260
04.07.2017-03:30;338;259;166;260
04.07.2017-03:45;338;259;166;261
04.07.2017-04:00;338;260;166;261
04.07.2017-04:15;338;258;166;260
04.07.2017-04:30;338;259;166;261
04.07.2017-04:45;338;260;165;261
04.07.2017-05:00;339;259;166;260
04.07.2017-05:15;339;259;165;260
04.07.2017-05:30;338;259;165;260
04.07.2017-05:45;338;259;165;260
04.07.2017-06:00;338;259;165;260
04.07.2017-06:15;339;259;165;260
04.07.2017-06:30;339;258;166;260
04.07.2017-06:45;339;258;165;260
04.07.2017-07:00;339;259;166;260
04.07.2017-07:15;340;258;165;261
04.07.2017-07:30;339;259;164;261
04.07.2017-07:45;339;258;165;261
04.07.2017-08:00;339;259;164;261
04.07.2017-08:15;340;258;165;261
04.07.2017-08:30;340;259;164;261
04.07.2017-08:45;340;258;165;261
04.07.2017-09:00;340;258;164;261
04.07.2017-09:15;339;260;164;262
04.07.2017-09:30;340;259;163;260
04.07.2017-09:45;340;259;164;259
04.07.2017-10:00;340;258;164;259
04.07.2017-10:15;340;258;164;259
04.07.2017-10:30;340;258;164;257
04.07.2017-10:45;340;257;163;258
04.07.2017-11:00;339;258;164;258
04.07.2017-11:15;339;258;164;258
04.07.2017-11:30;339;257;164;258
04.07.2017-11:45;340;258;164;257
04.07.2017-12:00;340;258;164;257
04.07.2017-12:15;340;258;163;256
04.07.2017-12:30;341;258;163;257
04.07.2017-12:45;340;258;163;255
04.07.2017-13:00;340;258;163;255
04.07.2017-13:15;341;259;163;255
04.07.2017-13:30;340;258;163;255
04.07.2017-13:45;339;258;163;254
04.07.2017-14:00;339;259;163;254
04.07.2017-14:15;339;259;163;253
04.07.2017-14:30;339;258;163;255
04.07.2017-14:45;339;257;164;256
04.07.2017-15:00;339;258;164;256
04.07.2017-15:15;340;256;163;256
04.07.2017-15:30;340;257;164;256
04.07.2017-15:45;339;257;163;256
04.07.2017-16:00;339;257;163;256
04.07.2017-16:15;339;258;163;255
04.07.2017-16:30;339;258;162;255
04.07.2017-16:45;339;257;163;255
04.07.2017-17:00;339;257;163;255
04.07.2017-17:15;338;257;163;255
04.07.2017-17:30;338;257;163;255
04.07.2017-17:45;339;257;162;254
04.07.2017-18:00;340;257;163;254
04.07.2017-18:15;339;257;162;255
04.07.2017-18:30;339;257;163;254
04.07.2017-18:45;338;256;163;254
04.07.2017-19:00;338;257;162;253
04.07.2017-19:15;339;257;162;254
04.07.2017-19:30;338;257;162;254
04.07.2017-19:45;339;257;162;253
04.07.2017-20:00;339;257;162;253
04.07.2017-20:15;338;257;162;255
04.07.2017-20:30;338;258;162;253
04.07.2017-20:45;338;257;162;253
04.07.2017-21:00;338;258;162;253
04.07.2017-21:15;338;258;162;253
04.07.2017-21:30;338;257;161;254
04.07.2017-21:45;338;258;162;253
04.07.2017-22:00;338;257;162;252
04.07.2017-22:15;337;257;162;253
04.07.2017-22:30;337;257;162;254
04.07.2017-22:45;337;257;162;253
04.07.2017-23:00;337;257;162;252
04.07.2017-23:15;338;257;162;253
04.07.2017-23:30;338;257;162;254
04.07.2017-23:45;338;257;162;254
04.07.2017-24:00;337;257;162;256
05.07.2017-00:15;337;257;161;256
05.07.2017-00:30;337;256;162;257
05.07.2017-00:45;336;257;162;257
05.07.2017-01:00;336;257;162;258
05.07.2017-01:15;336;257;162;258
05.07.2017-01:30;336;258;161;258
05.07.2017-01:45;336;257;161;257
05.07.2017-02:00;336;257;161;257
05.07.2017-02:15;335;256;161;257
05.07.2017-02:30;335;257;161;256
05.07.2017-02:45;335;257;161;256
05.07.2017-03:00;335;257;161;255
05.07.2017-03:15;335;256;161;256
05.07.2017-03:30;335;256;161;256
05.07.2017-03:45;335;256;161;256
05.07.2017-04:00;336;256;162;257
05.07.2017-04:15;335;256;160;257
05.07.2017-04:30;334;256;161;258
05.07.2017-04:45;334;256;162;257
05.07.2017-05:00;334;256;160;257
05.07.2017-05:15;333;256;160;257
05.07.2017-05:30;334;255;161;257
05.07.2017-05:45;334;255;160;257
05.07.2017-06:00;334;255;160;257
05.07.2017-06:15;334;256;160;258
05.07.2017-06:30;333;257;160;257
05.07.2017-06:45;333;254;160;256
05.07.2017-07:00;333;255;160;255
05.07.2017-07:15;333;255;160;255
05.07.2017-07:30;333;254;160;256
05.07.2017-07:45;333;254;160;255
05.07.2017-08:00;335;254;160;254
05.07.2017-08:15;333;255;160;255
05.07.2017-08:30;332;254;160;255
05.07.2017-08:45;332;254;160;256
05.07.2017-09:00;332;254;160;255
05.07.2017-09:15;333;253;159;254
05.07.2017-09:30;332;254;160;254
05.07.2017-09:45;332;254;161;254
05.07.2017-10:00;331;254;160;254
05.07.2017-10:15;331;254;160;254
05.07.2017-10:30;331;254;160;254
05.07.2017-10:45;331;253;160;255
05.07.2017-11:00;330;253;161;256
05.07.2017-11:15;330;253;160;255
05.07.2017-11:30;330;253;160;255
05.07.2017-11:45;330;253;160;256
05.07.2017-12:00;330;254;159;256
05.07.2017-12:15;330;253;159;257
05.07.2017-12:30;330;253;159;257
05.07.2017-12:45;331;254;159;258
05.07.2017-13:00;330;251;160;258
05.07.2017-13:15;330;252;159;258
05.07.2017-13:30;329;252;158;257
05.07.2017-13:45;329;253;159;258
05.07.2017-14:00;329;251;158;256
05.07.2017-14:15;329;252;158;255
05.07.2017-14:30;329;252;158;254
05.07.2017-14:45;329;251;158;254
05.07.2017-15:00;329;252;157;255
05.07.2017-15:15;329;251;158;254
05.07.2017-15:30;328;251;158;254
05.07.2017-15:45;328;250;157;255
05.07.2017-16:00;327;250;158;254
05.07.2017-16:15;327;251;158;255
05.07.2017-16:30;327;251;157;254
05.07.2017-16:45;327;250;157;254
05.07.2017-17:00;327;251;158;254
05.07.2017-17:15;327;250;157;254
05.07.2017-17:30;326;250;157;254
05.07.2017-17:45;326;250;156;253
05.07.2017-18:00;327;250;156;252
05.07.2017-18:15;327;249;156;253
05.07.2017-18:30;326;250;157;253
05.07.2017-18:45;326;250;157;253
05.07.2017-19:00;325;249;156;253
05.07.2017-19:15;325;250;156;252
05.07.2017-19:30;326;250;156;254
05.07.2017-19:45;326;248;156;253
05.07.2017-20:00;325;249;156;252
05.07.2017-20:15;325;250;155;252
05.07.2017-20:30;324;249;156;252
05.07.2017-20:45;325;248;155;252
05.07.2017-21:00;325;248;155;252
05.07.2017-21:15;324;249;155;253
05.07.2017-21:30;324;249;156;252
05.07.2017-21:45;324;248;155;251
05.07.2017-22:00;324;248;155;252
05.07.2017-22:15;325;248;156;251
05.07.2017-22:30;324;248;155;251
05.07.2017-22:45;325;248;155;250
05.07.2017-23:00;325;247;155;250
05.07.2017-23:15;326;248;154;248
05.07.2017-23:30;325;248;154;249
05.07.2017-23:45;324;246;154;248
05.07.2017-24:00;323;246;154;248
06.07.2017-00:15;323;246;154;249
06.07.2017-00:30;323;246;154;250
06.07.2017-00:45;323;247;153;250
06.07.2017-01:00;323;245;153;251
06.07.2017-01:15;323;246;153;251
06.07.2017-01:30;323;245;153;251
06.07.2017-01:45;323;245;153;250
06.07.2017-02:00;324;245;152;249
06.07.2017-02:15;324;245;153;249
06.07.2017-02:30;324;245;152;249
06.07.2017-02:45;324;245;153;249
06.07.2017-03:00;324;245;152;248
06.07.2017-03:15;324;245;152;249
06.07.2017-03:30;323;245;152;250
06.07.2017-03:45;324;244;152;250
06.07.2017-04:00;323;245;152;250
06.07.2017-04:15;323;244;152;249
06.07.2017-04:30;323;244;151;249
06.07.2017-04:45;323;244;152;250
06.07.2017-05:00;323;244;152;249
06.07.2017-05:15;324;244;150;248
06.07.2017-05:30;324;244;151;248
06.07.2017-05:45;324;246;152;249
06.07.2017-06:00;324;244;152;249
06.07.2017-06:15;324;244;150;249
06.07.2017-06:30;324;244;150;249
06.07.2017-06:45;324;245;150;248
06.07.2017-07:00;324;244;150;248
06.07.2017-07:15;323;244;150;248
06.07.2017-07:30;324;244;150;247
06.07.2017-07:45;323;244;150;248
06.07.2017-08:00;324;244;151;247
06.07.2017-08:15;323;244;150;247
06.07.2017-08:30;323;244;150;247
06.07.2017-08:45;323;243;151;245
06.07.2017-09:00;323;243;151;246
06.07.2017-09:15;322;243;151;245
06.07.2017-09:30;323;243;151;244
06.07.2017-09:45;323;243;149;244
06.07.2017-10:00;323;243;150;245
06.07.2017-10:15;323;243;150;245
06.07.2017-10:30;323;243;150;243
06.07.2017-10:45;322;244;150;244
06.07.2017-11:00;321;244;150;246
06.07.2017-11:15;321;243;150;246
06.07.2017-11:30;321;243;150;245
06.07.2017-11:45;321;244;149;246
06.07.2017-12:00;321;243;150;246
06.07.2017-12:15;321;243;149;245
06.07.2017-12:30;320;243;150;246
06.07.2017-12:45;320;243;150;247
06.07.2017-13:00;320;244;150;248
06.07.2017-13:15;319;243;150;247
06.07.2017-13:30;319;244;150;246
06.07.2017-13:45;319;242;150;246
06.07.2017-14:00;319;242;150;246
06.07.2017-14:15;318;243;150;245
06.07.2017-14:30;318;242;151;244
06.07.2017-14:45;318;243;150;245
06.07.2017-15:00;318;241;149;245
06.07.2017-15:15;318;241;150;245
06.07.2017-15:30;319;241;150;245
06.07.2017-15:45;319;242;150;244
06.07.2017-16:00;318;241;149;245
06.07.2017-16:15;317;241;150;244
06.07.2017-16:30;317;241;150;243
06.07.2017-16:45;316;242;150;243
06.07.2017-17:00;316;242;149;243
06.07.2017-17:15;317;241;149;244
06.07.2017-17:30;317;241;149;242
06.07.2017-17:45;317;241;150;242
06.07.2017-18:00;316;241;149;244
06.07.2017-18:15;316;241;150;243
06.07.2017-18:30;315;240;149;245
06.07.2017-18:45;314;240;148;245
06.07.2017-19:00;314;240;149;244
06.07.2017-19:15;314;240;148;244
06.07.2017-19:30;314;239;148;245
06.07.2017-19:45;314;240;148;245
06.07.2017-20:00;313;238;147;245
06.07.2017-20:15;313;238;147;247
06.07.2017-20:30;313;238;148;247
06.07.2017-20:45;313;239;148;248
06.07.2017-21:00;313;238;147;248
06.07.2017-21:15;313;238;147;249
06.07.2017-21:30;313;239;147;249
06.07.2017-21:45;314;239;147;249
06.07.2017-22:00;313;238;147;248
06.07.2017-22:15;313;238;147;249
06.07.2017-22:30;313;237;146;249
06.07.2017-22:45;312;237;146;250
06.07.2017-23:00;312;236;146;249
06.07.2017-23:15;312;237;146;249
06.07.2017-23:30;312;237;146;249
06.07.2017-23:45;312;236;146;249
06.07.2017-24:00;312;236;146;248
07.07.2017-00:15;312;236;145;246
07.07.2017-00:30;312;236;146;245
07.07.2017-00:45;312;236;145;246
07.07.2017-01:00;311;235;145;245
07.07.2017-01:15;312;235;145;245
07.07.2017-01:30;312;236;145;244
07.07.2017-01:45;312;236;146;244
07.07.2017-02:00;312;236;146;245
07.07.2017-02:15;312;236;146;247
07.07.2017-02:30;312;235;146;248
07.07.2017-02:45;312;235;144;249
07.07.2017-03:00;312;236;144;248
07.07.2017-03:15;312;236;144;249
07.07.2017-03:30;312;236;145;249
07.07.2017-03:45;312;236;145;247
07.07.2017-04:00;312;234;144;248
07.07.2017-04:15;312;236;144;247
07.07.2017-04:30;312;235;144;245
07.07.2017-04:45;312;235;144;245
07.07.2017-05:00;312;234;144;245
07.07.2017-05:15;312;234;144;245
07.07.2017-05:30;313;234;144;245
07.07.2017-05:45;314;234;144;245
07.07.2017-06:00;313;234;144;246
07.07.2017-06:15;314;234;144;246
07.07.2017-06:30;313;237;144;245
07.07.2017-06:45;314;234;144;245
07.07.2017-07:00;313;234;144;245
07.07.2017-07:15;312;233;144;244
07.07.2017-07:30;312;233;144;244
07.07.2017-07:45;313;234;144;244
07.07.2017-08:00;313;234;145;244
07.07.2017-08:15;313;234;143;244
07.07.2017-08:30;313;234;143;244
07.07.2017-08:45;313;235;143;244
07.07.2017-09:00;313;234;143;245
07.07.2017-09:15;313;234;144;246
07.07.2017-09:30;313;235;143;245
07.07.2017-09:45;313;233;143;247
07.07.2017-10:00;313;233;144;246
07.07.2017-10:15;312;234;143;244
07.07.2017-10:30;312;234;144;243
07.07.2017-10:45;312;233;143;244
07.07.2017-11:00;313;233;143;244
07.07.2017-11:15;312;234;143;245
07.07.2017-11:30;312;233;144;246
07.07.2017-11:45;313;233;143;244
07.07.2017-12:00;313;233;143;246
07.07.2017-12:15;313;233;143;247
07.07.2017-12:30;313;233;143;246
07.07.2017-12:45;312;234;143;247
07.07.2017-13:00;312;233;143;246
07.07.2017-13:15;312;232;142;246
07.07.2017-13:30;312;233;142;246
07.07.2017-13:45;312;234;142;246
07.07.2017-14:00;311;231;142;244
07.07.2017-14:15;311;232;141;244
07.07.2017-14:30;310;233;141;245
07.07.2017-14:45;311;233;142;244
07.07.2017-15:00;311;233;141;243
07.07.2017-15:15;310;233;141;243
07.07.2017-15:30;310;232;141;244
07.07.2017-15:45;311;234;141;244
07.07.2017-16:00;310;234;142;244
07.07.2017-16:15;310;234;142;243
07.07.2017-16:30;310;233;142;244
07.07.2017-16:45;310;234;143;245
07.07.2017-17:00;310;234;143;245
07.07.2017-17:15;310;234;142;244
07.07.2017-17:30;309;234;142;244
07.07.2017-17:45;309;235;142;244
07.07.2017-18:00;309;235;142;244
07.07.2017-18:15;308;235;142;245
07.07.2017-18:30;308;235;143;245
07.07.2017-18:45;308;235;143;243
07.07.2017-19:00;308;236;143;245
07.07.2017-19:15;308;235;143;245
07.07.2017-19:30;308;234;143;243
07.07.2017-19:45;308;235;143;245
07.07.2017-20:00;308;234;144;246
07.07.2017-20:15;307;235;143;246
07.07.2017-20:30;307;236;143;246
07.07.2017-20:45;308;234;143;246
07.07.2017-21:00;307;235;144;246
07.07.2017-21:15;308;235;143;246
07.07.2017-21:30;308;235;144;245
07.07.2017-21:45;309;235;143;244
07.07.2017-22:00;310;234;144;243
07.07.2017-22:15;309;235;143;243
07.07.2017-22:30;308;235;143;242
07.07.2017-22:45;308;235;143;241
07.07.2017-23:00;308;235;144;240
07.07.2017-23:15;307;235;143;240
07.07.2017-23:30;307;235;143;241
07.07.2017-23:45;308;235;143;244
07.07.2017-24:00;307;235;143;244
08.07.2017-00:15;307;235;144;244
08.07.2017-00:30;308;235;143;244
08.07.2017-00:45;308;234;143;245
08.07.2017-01:00;308;235;143;245
08.07.2017-01:15;308;234;144;246
08.07.2017-01:30;308;234;143;247
08.07.2017-01:45;308;233;143;247
08.07.2017-02:00;308;234;143;247
08.07.2017-02:15;308;234;143;248
08.07.2017-02:30;308;233;143;248
08.07.2017-02:45;309;233;143;248
08.07.2017-03:00;309;233;143;247
08.07.2017-03:15;308;233;143;245
08.07.2017-03:30;308;233;143;245
08.07.2017-03:45;309;232;143;244
08.07.2017-04:00;308;233;143;245
08.07.2017-04:15;308;232;142;244
08.07.2017-04:30;308;232;142;244
08.07.2017-04:45;308;232;142;245
08.07.2017-05:00;308;231;142;246
08.07.2017-05:15;308;232;141;246
08.07.2017-05:30;308;232;141;246
08.07.2017-05:45;307;232;141;246
08.07.2017-06:00;308;232;141;246
08.07.2017-06:15;308;232;141;247
08.07.2017-06:30;308;232;142;248
08.07.2017-06:45;307;231;141;248
08.07.2017-07:00;307;232;141;248
08.07.2017-07:15;307;231;141;248
08.07.2017-07:30;308;231;141;249
08.07.2017-07:45;307;231;141;249
08.07.2017-08:00;307;232;141;248
08.07.2017-08:15;307;232;140;249
08.07.2017-08:30;306;230;140;249
08.07.2017-08:45;306;231;140;249
08.07.2017-09:00;305;231;140;249
08.07.2017-09:15;306;231;140;249
08.07.2017-09:30;307;230;140;249
08.07.2017-09:45;306;230;140;250
08.07.2017-10:00;305;231;140;249
08.07.2017-10:15;306;230;140;250
08.07.2017-10:30;305;230;139;250
08.07.2017-10:45;305;230;139;250
08.07.2017-11:00;305;230;139;249
08.07.2017-11:15;304;230;139;246
08.07.2017-11:30;304;230;139;246
08.07.2017-11:45;304;230;139;248
08.07.2017-12:00;304;229;139;246
08.07.2017-12:15;303;229;140;246
08.07.2017-12:30;302;229;140;245
08.07.2017-12:45;302;229;139;246
08.07.2017-13:00;302;229;139;246
08.07.2017-13:15;301;228;139;245
08.07.2017-13:30;301;228;139;244
08.07.2017-13:45;300;229;138;244
08.07.2017-14:00;300;228;138;243
08.07.2017-14:15;301;228;138;243
08.07.2017-14:30;300;228;137;242
08.07.2017-14:45;300;227;137;241
08.07.2017-15:00;299;228;137;243
08.07.2017-15:15;299;228;138;243
08.07.2017-15:30;299;227;136;243
08.07.2017-15:45;298;227;137;243
08.07.2017-16:00;298;226;136;242
08.07.2017-16:15;298;226;136;243
08.07.2017-16:30;298;226;136;243
08.07.2017-16:45;298;226;137;242
08.07.2017-17:00;298;227;135;242
08.07.2017-17:15;298;226;136;242
08.07.2017-17:30;298;226;135;242
08.07.2017-17:45;298;225;135;242
08.07.2017-18:00;298;225;134;242
08.07.2017-18:15;298;224;134;241
08.07.2017-18:30;298;225;134;240
08.07.2017-18:45;298;225;134;241
08.07.2017-19:00;298;225;134;240
08.07.2017-19:15;298;225;133;239
08.07.2017-19:30;297;223;134;238
08.07.2017-19:45;298;224;133;237
08.07.2017-20:00;298;224;133;238
08.07.2017-20:15;297;224;133;237
08.07.2017-20:30;297;224;134;237
08.07.2017-20:45;298;223;133;238
08.07.2017-21:00;298;223;133;237
08.07.2017-21:15;298;223;132;237
08.07.2017-21:30;298;223;132;236
08.07.2017-21:45;298;223;132;237
08.07.2017-22:00;298;223;132;238
08.07.2017-22:15;299;223;131;237
08.07.2017-22:30;298;222;131;237
08.07.2017-22:45;298;223;131;237
08.07.2017-23:00;298;222;131;237
08.07.2017-23:15;299;222;131;237
08.07.2017-23:30;298;222;131;237
08.07.2017-23:45;298;222;130;237
08.07.2017-24:00;298;222;131;237
09.07.2017-00:15;298;222;131;237
09.07.2017-00:30;298;221;130;236
09.07.2017-00:45;299;221;130;236
09.07.2017-01:00;299;221;130;236
09.07.2017-01:15;298;221;130;236
09.07.2017-01:30;298;221;130;236
09.07.2017-01:45;298;221;130;236
09.07.2017-02:00;299;221;130;236
09.07.2017-02:15;298;221;130;236
09.07.2017-02:30;298;221;131;236
09.07.2017-02:45;298;221;129;237
09.07.2017-03:00;297;221;130;235
09.07.2017-03:15;297;220;129;236
09.07.2017-03:30;297;220;130;236
09.07.2017-03:45;297;221;130;235
09.07.2017-04:00;297;221;130;235
09.07.2017-04:15;297;221;129;235
09.07.2017-04:30;297;221;129;235
09.07.2017-04:45;297;221;129;235
09.07.2017-05:00;297;221;129;234
09.07.2017-05:15;297;221;129;234
09.07.2017-05:30;297;221;129;234
09.07.2017-05:45;296;221;129;233
09.07.2017-06:00;296;221;129;233
09.07.2017-06:15;297;220;129;234
09.07.2017-06:30;297;220;129;234
09.07.2017-06:45;296;221;129;233
09.07.2017-07:00;297;222;128;234
09.07.2017-07:15;296;220;128;234
09.07.2017-07:30;295;221;128;233
09.07.2017-07:45;296;221;129;233
09.07.2017-08:00;296;221;130;233
09.07.2017-08:15;296;221;128;233
09.07.2017-08:30;296;222;128;234
09.07.2017-08:45;296;221;128;233
09.07.2017-09:00;296;221;128;233
09.07.2017-09:15;295;221;128;233
09.07.2017-09:30;295;220;128;233
09.07.2017-09:45;296;221;128;233
09.07.2017-10:00;296;220;128;233
09.07.2017-10:15;296;220;128;232
09.07.2017-10:30;295;220;129;233
09.07.2017-10:45;295;220;128;232
09.07.2017-11:00;296;220;128;232
09.07.2017-11:15;296;220;128;232
09.07.2017-11:30;297;220;129;232
09.07.2017-11:45;296;220;129;232
09.07.2017-12:00;296;220;129;232
09.07.2017-12:15;296;219;129;232
09.07.2017-12:30;298;218;128;232
09.07.2017-12:45;298;220;128;231
09.07.2017-13:00;297;219;128;231
09.07.2017-13:15;297;219;128;232
09.07.2017-13:30;297;220;129;232
09.07.2017-13:45;297;219;128;232
09.07.2017-14:00;298;219;129;232
09.07.2017-14:15;298;219;128;231
09.07.2017-14:30;298;219;128;231
09.07.2017-14:45;298;220;128;232
09.07.2017-15:00;298;219;128;231
09.07.2017-15:15;298;219;129;231
09.07.2017-15:30;299;219;129;231
09.07.2017-15:45;299;218;128;232
09.07.2017-16:00;300;219;128;231
09.07.2017-16:15;300;219;129;231
09.07.2017-16:30;300;220;128;232
09.07.2017-16:45;301;219;128;232
09.07.2017-17:00;301;219;129;231
09.07.2017-17:15;300;218;128;231
09.07.2017-17:30;301;219;129;230
09.07.2017-17:45;301;219;129;230
09.07.2017-18:00;301;219;128;231
09.07.2017-18:15;301;219;128;230
09.07.2017-18:30;302;219;128;228
09.07.2017-18:45;302;220;128;228
09.07.2017-19:00;302;220;128;228
09.07.2017-19:15;302;221;129;227
09.07.2017-19:30;303;221;128;227
09.07.2017-19:45;303;221;128;226
09.07.2017-20:00;303;221;127;226
09.07.2017-20:15;303;221;128;225
09.07.2017-20:30;303;221;128;225
09.07.2017-20:45;303;221;128;224
09.07.2017-21:00;304;222;128;225
09.07.2017-21:15;304;221;128;226
09.07.2017-21:30;304;222;129;227
09.07.2017-21:45;304;221;129;227
09.07.2017-22:00;304;222;129;228
09.07.2017-22:15;305;222;130;230
09.07.2017-22:30;305;222;129;230
09.07.2017-22:45;305;222;129;230
09.07.2017-23:00;305;222;129;230
09.07.2017-23:15;305;222;129;229
09.07.2017-23:30;305;222;129;228
09.07.2017-23:45;306;222;130;228
09.07.2017-24:00;306;223;130;227
10.07.2017-00:15;306;222;129;227
10.07.2017-00:30;306;223;130;227
10.07.2017-00:45;305;222;129;227
10.07.2017-01:00;305;223;130;229
10.07.2017-01:15;305;223;130;229
10.07.2017-01:30;305;223;130;230
10.07.2017-01:45;306;223;130;230
10.07.2017-02:00;306;224;130;230
10.07.2017-02:15;306;223;130;231
10.07.2017-02:30;306;223;130;231
10.07.2017-02:45;306;223;130;231
10.07.2017-03:00;306;223;130;231
10.07.2017-03:15;306;224;131;232
10.07.2017-03:30;305;224;130;231
10.07.2017-03:45;305;223;131;231
10.07.2017-04:00;305;223;130;231
10.07.2017-04:15;305;224;130;230
10.07.2017-04:30;306;224;130;228
10.07.2017-04:45;306;223;130;228
10.07.2017-05:00;306;224;130;227
10.07.2017-05:15;306;222;130;226
10.07.2017-05:30;305;222;130;225
10.07.2017-05:45;305;225;130;225
10.07.2017-06:00;305;222;130;224
10.07.2017-06:15;306;222;131;223
10.07.2017-06:30;306;223;131;225
10.07.2017-06:45;305;223;132;224
10.07.2017-07:00;306;223;131;224
10.07.2017-07:15;306;222;130;227
10.07.2017-07:30;306;224;131;228
10.07.2017-07:45;307;222;131;227
10.07.2017-08:00;306;223;131;227
10.07.2017-08:15;307;223;131;228
10.07.2017-08:30;307;224;131;227
10.07.2017-08:45;306;223;131;227
10.07.2017-09:00;305;223;131;228
10.07.2017-09:15;305;223;131;228
10.07.2017-09:30;304;224;131;227
10.07.2017-09:45;304;225;132;228
10.07.2017-10:00;304;223;133;228
10.07.2017-10:15;305;225;132;229
10.07.2017-10:30;305;225;132;227
10.07.2017-10:45;305;227;132;227
10.07.2017-11:00;305;225;133;228
10.07.2017-11:15;305;227;133;228
10.07.2017-11:30;305;228;133;228
10.07.2017-11:45;305;227;134;228
10.07.2017-12:00;304;229;134;229
10.07.2017-12:15;306;229;135;229
10.07.2017-12:30;304;229;136;229
10.07.2017-12:45;304;229;135;229
10.07.2017-13:00;304;229;136;229
10.07.2017-13:15;304;229;135;230
10.07.2017-13:30;304;231;136;230
10.07.2017-13:45;304;233;137;231
10.07.2017-14:00;304;234;138;231
10.07.2017-14:15;303;232;138;231
10.07.2017-14:30;305;231;138;231
10.07.2017-14:45;304;233;139;231
10.07.2017-15:00;305;231;139;232
10.07.2017-15:15;306;230;139;231
10.07.2017-15:30;305;233;140;232
10.07.2017-15:45;305;234;140;233
10.07.2017-16:00;305;233;139;233
10.07.2017-16:15;306;233;140;234
10.07.2017-16:30;306;233;141;235
10.07.2017-16:45;306;233;141;234
10.07.2017-17:00;306;234;141;233
10.07.2017-17:15;305;234;142;233
10.07.2017-17:30;306;234;142;233
10.07.2017-17:45;306;234;143;233
10.07.2017-18:00;306;234;143;233
10.07.2017-18:15;306;234;143;232
10.07.2017-18:30;306;235;142;232
10.07.2017-18:45;306;236;143;233
10.07.2017-19:00;306;234;143;233
10.07.2017-19:15;306;236;143;233
10.07.2017-19:30;307;236;143;234
10.07.2017-19:45;308;237;143;236
10.07.2017-20:00;308;236;144;236
10.07.2017-20:15;307;235;144;236
10.07.2017-20:30;308;234;144;236
10.07.2017-20:45;308;234;145;237
10.07.2017-21:00;308;232;145;237
10.07.2017-21:15;309;233;144;235
10.07.2017-21:30;309;233;143;234
10.07.2017-21:45;310;233;143;234
10.07.2017-22:00;310;232;143;233
10.07.2017-22:15;310;232;142;233
10.07.2017-22:30;310;233;142;231
10.07.2017-22:45;310;230;142;233
10.07.2017-23:00;311;232;141;233
10.07.2017-23:15;311;231;141;234
10.07.2017-23:30;312;231;141;235
10.07.2017-23:45;312;231;141;235
10.07.2017-24:00;313;230;141;236
11.07.2017-00:15;312;231;140;237
11.07.2017-00:30;312;230;140;238
11.07.2017-00:45;313;230;140;239
11.07.2017-01:00;315;230;139;239
11.07.2017-01:15;314;231;139;239
11.07.2017-01:30;315;231;139;239
11.07.2017-01:45;315;232;140;238
11.07.2017-02:00;316;232;140;238
11.07.2017-02:15;316;232;139;238
11.07.2017-02:30;316;232;140;238
11.07.2017-02:45;316;232;139;238
11.07.2017-03:00;316;232;139;238
11.07.2017-03:15;316;232;139;238
11.07.2017-03:30;316;233;140;238
11.07.2017-03:45;316;233;140;238
11.07.2017-04:00;316;233;139;238
11.07.2017-04:15;318;233;140;239
11.07.2017-04:30;319;234;140;239
11.07.2017-04:45;319;232;139;239
11.07.2017-05:00;318;234;139;239
11.07.2017-05:15;318;233;139;238
11.07.2017-05:30;318;233;140;239
11.07.2017-05:45;319;234;140;239
11.07.2017-06:00;318;235;142;240
11.07.2017-06:15;318;235;140;241
11.07.2017-06:30;319;236;140;242
11.07.2017-06:45;319;235;141;241
11.07.2017-07:00;319;235;140;241
11.07.2017-07:15;319;236;141;242
11.07.2017-07:30;320;237;141;241
11.07.2017-07:45;320;238;141;240
11.07.2017-08:00;321;237;141;240
11.07.2017-08:15;320;238;142;238
11.07.2017-08:30;319;238;142;238
11.07.2017-08:45;319;239;142;238
11.07.2017-09:00;320;238;142;237
11.07.2017-09:15;320;239;143;238
11.07.2017-09:30;320;239;144;239
11.07.2017-09:45;320;240;144;238
11.07.2017-10:00;319;239;144;237
11.07.2017-10:15;320;239;144;238
11.07.2017-10:30;320;239;144;238
11.07.2017-10:45;320;240;144;239
11.07.2017-11:00;320;240;145;239
11.07.2017-11:15;321;241;145;238
11.07.2017-11:30;321;242;146;238
11.07.2017-11:45;321;241;146;238
11.07.2017-12:00;320;240;146;239
11.07.2017-12:15;320;241;146;242
11.07.2017-12:30;320;242;146;244
11.07.2017-12:45;320;242;147;246
11.07.2017-13:00;320;243;147;242
11.07.2017-13:15;320;244;147;245
11.07.2017-13:30;320;243;148;245
11.07.2017-13:45;321;243;147;245
11.07.2017-14:00;322;243;148;246
11.07.2017-14:15;322;244;148;246
11.07.2017-14:30;321;244;149;246
11.07.2017-14:45;322;244;150;246
11.07.2017-15:00;321;245;150;246
11.07.2017-15:15;321;245;150;247
11.07.2017-15:30;321;246;150;247
11.07.2017-15:45;322;245;150;248
11.07.2017-16:00;323;246;151;247
11.07.2017-16:15;324;246;152;247
11.07.2017-16:30;324;246;152;249
11.07.2017-16:45;323;247;152;248
11.07.2017-17:00;323;247;152;249
11.07.2017-17:15;322;247;153;249
11.07.2017-17:30;323;248;153;249
11.07.2017-17:45;323;248;154;249
11.07.2017-18:00;324;248;154;251
11.07.2017-18:15;324;249;154;252
11.07.2017-18:30;325;250;154;254
11.07.2017-18:45;326;250;154;253
11.07.2017-19:00;326;249;154;253
11.07.2017-19:15;328;251;154;254
11.07.2017-19:30;328;250;155;253
11.07.2017-19:45;328;251;156;253
11.07.2017-20:00;328;250;155;252
11.07.2017-20:15;329;252;156;253
11.07.2017-20:30;329;251;156;252
11.07.2017-20:45;330;251;156;252
11.07.2017-21:00;330;252;156;253
11.07.2017-21:15;330;252;156;253
11.07.2017-21:30;330;253;157;252
11.07.2017-21:45;330;252;157;253
11.07.2017-22:00;331;253;157;253
11.07.2017-22:15;332;253;158;253
11.07.2017-22:30;333;254;158;252
11.07.2017-22:45;333;253;158;251
11.07.2017-23:00;333;253;158;250
11.07.2017-23:15;332;253;158;251
11.07.2017-23:30;333;254;158;249
11.07.2017-23:45;333;254;158;248
11.07.2017-24:00;333;254;159;247
12.07.2017-00:15;333;254;159;246
12.07.2017-00:30;334;253;159;245
12.07.2017-00:45;335;254;159;245
12.07.2017-01:00;334;254;159;244
12.07.2017-01:15;334;254;159;244
12.07.2017-01:30;335;254;159;247
12.07.2017-01:45;335;254;159;249
12.07.2017-02:00;335;255;160;250
12.07.2017-02:15;335;255;160;249
12.07.2017-02:30;335;255;158;251
12.07.2017-02:45;335;255;159;251
12.07.2017-03:00;335;255;159;251
12.07.2017-03:15;336;255;160;250
12.07.2017-03:30;336;255;159;250
12.07.2017-03:45;336;254;160;251
12.07.2017-04:00;336;254;159;251
12.07.2017-04:15;336;255;159;250
12.07.2017-04:30;336;255;159;251
12.07.2017-04:45;337;255;159;252
12.07.2017-05:00;336;254;159;253
12.07.2017-05:15;336;256;159;254
12.07.2017-05:30;336;254;160;254
12.07.2017-05:45;336;254;159;256
12.07.2017-06:00;337;255;159;255
12.07.2017-06:15;337;254;159;256
12.07.2017-06:30;337;254;160;256
12.07.2017-06:45;336;255;160;256
12.07.2017-07:00;335;255;159;256
12.07.2017-07:15;335;256;159;255
12.07.2017-07:30;336;254;159;255
12.07.2017-07:45;336;255;159;255
12.07.2017-08:00;336;256;160;255
12.07.2017-08:15;337;255;160;255
12.07.2017-08:30;336;255;160;254
12.07.2017-08:45;335;256;160;254
12.07.2017-09:00;335;256;161;255
12.07.2017-09:15;335;256;161;254
12.07.2017-09:30;335;256;161;255
12.07.2017-09:45;335;256;161;255
12.07.2017-10:00;336;256;161;256
12.07.2017-10:15;335;256;161;256
12.07.2017-10:30;335;256;161;256
12.07.2017-10:45;334;257;160;256
12.07.2017-11:00;334;256;161;256
12.07.2017-11:15;334;255;161;258
12.07.2017-11:30;334;255;161;256
12.07.2017-11:45;334;255;161;257
12.07.2017-12:00;334;256;160;257
12.07.2017-12:15;334;254;160;258
12.07.2017-12:30;333;255;161;258
12.07.2017-12:45;333;255;160;259
12.07.2017-13:00;333;255;160;259
12.07.2017-13:15;334;255;160;259
12.07.2017-13:30;334;254;160;260
12.07.2017-13:45;334;254;160;260
12.07.2017-14:00;334;254;160;260
12.07.2017-14:15;334;253;160;260
12.07.2017-14:30;334;254;160;261
12.07.2017-14:45;333;254;161;261
12.07.2017-15:00;332;254;160;261
12.07.2017-15:15;332;254;161;263
12.07.2017-15:30;331;254;162;265
12.07.2017-15:45;331;254;160;266
12.07.2017-16:00;332;254;160;267
12.07.2017-16:15;332;255;160;269
12.07.2017-16:30;331;254;160;271
12.07.2017-16:45;331;255;161;271
12.07.2017-17:00;331;255;161;271
12.07.2017-17:15;331;255;160;272
12.07.2017-17:30;330;255;160;273
12.07.2017-17:45;330;256;160;273
12.07.2017-18:00;330;256;161;272
12.07.2017-18:15;330;256;160;272
12.07.2017-18:30;330;256;160;271
12.07.2017-18:45;330;255;159;271
12.07.2017-19:00;331;256;160;270
12.07.2017-19:15;330;255;160;270
12.07.2017-19:30;331;255;160;269
12.07.2017-19:45;332;256;160;268
12.07.2017-20:00;331;255;160;270
12.07.2017-20:15;330;255;160;271
12.07.2017-20:30;330;255;160;271
12.07.2017-20:45;330;255;160;272
12.07.2017-21:00;330;255;160;271
12.07.2017-21:15;330;254;161;271
12.07.2017-21:30;331;255;160;270
12.07.2017-21:45;331;255;160;270
12.07.2017-22:00;330;255;161;269
12.07.2017-22:15;330;255;160;268
12.07.2017-22:30;330;255;161;264
12.07.2017-22:45;330;255;161;263
12.07.2017-23:00;329;255;160;262
12.07.2017-23:15;329;255;161;261
12.07.2017-23:30;331;255;160;261
12.07.2017-23:45;331;253;160;264
12.07.2017-24:00;331;254;160;267
13.07.2017-00:15;330;254;160;268
13.07.2017-00:30;330;254;161;267
13.07.2017-00:45;329;255;160;267
13.07.2017-01:00;329;255;160;268
13.07.2017-01:15;329;253;159;267
13.07.2017-01:30;330;254;160;267
13.07.2017-01:45;332;254;160;265
13.07.2017-02:00;331;254;160;266
13.07.2017-02:15;330;254;159;266
13.07.2017-02:30;330;254;159;265
13.07.2017-02:45;330;254;159;265
13.07.2017-03:00;330;253;160;265
13.07.2017-03:15;330;254;159;265
13.07.2017-03:30;331;253;159;265
13.07.2017-03:45;330;253;159;265
13.07.2017-04:00;330;255;159;265
13.07.2017-04:15;330;254;159;265
13.07.2017-04:30;330;254;159;265
13.07.2017-04:45;330;254;160;265
13.07.2017-05:00;330;254;160;265
13.07.2017-05:15;329;254;160;265
13.07.2017-05:30;329;253;159;265
13.07.2017-05:45;329;254;159;266
13.07.2017-06:00;330;254;160;265
13.07.2017-06:15;329;254;160;264
13.07.2017-06:30;329;254;160;265
13.07.2017-06:45;329;254;160;265
13.07.2017-07:00;328;254;160;265
13.07.2017-07:15;328;254;160;265
13.07.2017-07:30;328;254;160;265
13.07.2017-07:45;328;254;160;265
13.07.2017-08:00;328;254;159;266
13.07.2017-08:15;329;254;160;269
13.07.2017-08:30;328;254;160;269
13.07.2017-08:45;328;254;161;269
13.07.2017-09:00;328;254;160;269
13.07.2017-09:15;327;254;160;270
13.07.2017-09:30;327;254;160;269
13.07.2017-09:45;327;255;161;269
13.07.2017-10:00;327;254;160;269
13.07.2017-10:15;327;255;160;268
13.07.2017-10:30;326;255;160;268
13.07.2017-10:45;326;253;160;267
13.07.2017-11:00;326;255;161;267
13.07.2017-11:15;326;254;160;268
13.07.2017-11:30;326;254;160;266
13.07.2017-11:45;326;254;160;267
13.07.2017-12:00;325;254;160;267
13.07.2017-12:15;325;254;161;265
13.07.2017-12:30;325;254;160;265
13.07.2017-12:45;325;254;160;266
13.07.2017-13:00;325;254;160;266
13.07.2017-13:15;324;254;160;266
13.07.2017-13:30;325;253;160;265
13.07.2017-13:45;324;253;161;265
13.07.2017-14:00;324;253;159;264
13.07.2017-14:15;323;253;160;265
13.07.2017-14:30;323;254;159;264
13.07.2017-14:45;324;253;160;264
13.07.2017-15:00;323;251;159;263
13.07.2017-15:15;324;252;160;264
13.07.2017-15:30;324;252;160;265
13.07.2017-15:45;323;252;159;264
13.07.2017-16:00;322;252;160;264
13.07.2017-16:15;322;252;159;264
13.07.2017-16:30;321;251;159;264
13.07.2017-16:45;321;251;159;265
13.07.2017-17:00;320;250;159;264
13.07.2017-17:15;320;250;159;263
13.07.2017-17:30;321;251;159;263
13.07.2017-17:45;320;251;160;264
13.07.2017-18:00;320;251;161;264
13.07.2017-18:15;320;251;158;264
13.07.2017-18:30;320;250;158;264
13.07.2017-18:45;320;250;158;264
13.07.2017-19:00;319;249;158;264
13.07.2017-19:15;319;250;158;265
13.07.2017-19:30;319;250;158;265
13.07.2017-19:45;319;251;158;265
13.07.2017-20:00;319;250;158;265
13.07.2017-20:15;319;250;157;264
13.07.2017-20:30;319;250;157;267
13.07.2017-20:45;319;250;157;268
13.07.2017-21:00;319;249;157;269
13.07.2017-21:15;319;249;157;270
13.07.2017-21:30;319;248;157;270
13.07.2017-21:45;319;250;157;270
13.07.2017-22:00;319;248;157;269
13.07.2017-22:15;320;247;157;269
13.07.2017-22:30;319;248;156;269
13.07.2017-22:45;319;248;156;269
13.07.2017-23:00;318;247;156;268
13.07.2017-23:15;318;248;157;268
13.07.2017-23:30;318;247;157;268
13.07.2017-23:45;318;247;156;267
13.07.2017-24:00;319;247;156;268
14.07.2017-00:15;318;247;156;267
14.07.2017-00:30;318;246;156;267
14.07.2017-00:45;318;246;156;267
14.07.2017-01:00;318;246;156;267
14.07.2017-01:15;318;247;156;267
14.07.2017-01:30;318;246;156;266
14.07.2017-01:45;317;246;155;267
14.07.2017-02:00;317;246;155;266
14.07.2017-02:15;316;246;155;266
14.07.2017-02:30;316;246;156;267
14.07.2017-02:45;317;245;154;265
14.07.2017-03:00;316;245;155;266
14.07.2017-03:15;316;245;154;266
14.07.2017-03:30;316;245;154;265
14.07.2017-03:45;316;245;154;266
14.07.2017-04:00;316;245;155;266
14.07.2017-04:15;316;244;153;266
14.07.2017-04:30;315;244;153;266
14.07.2017-04:45;315;244;153;267
14.07.2017-05:00;315;244;153;266
14.07.2017-05:15;315;242;152;266
14.07.2017-05:30;315;243;152;264
14.07.2017-05:45;315;244;152;263
14.07.2017-06:00;315;244;152;261
14.07.2017-06:15;316;242;153;260
14.07.2017-06:30;316;242;152;259
14.07.2017-06:45;316;242;152;258
14.07.2017-07:00;316;242;151;257
14.07.2017-07:15;315;240;151;256
14.07.2017-07:30;315;241;152;255
14.07.2017-07:45;314;241;152;255
14.07.2017-08:00;315;241;151;254
14.07.2017-08:15;316;241;150;253
14.07.2017-08:30;315;241;150;254
14.07.2017-08:45;316;240;151;255
14.07.2017-09:00;315;240;150;254
14.07.2017-09:15;314;240;149;254
14.07.2017-09:30;314;241;150;254
14.07.2017-09:45;314;238;149;255
14.07.2017-10:00;314;239;149;254
14.07.2017-10:15;313;238;150;254
14.07.2017-10:30;313;239;149;254
14.07.2017-10:45;314;239;149;253
14.07.2017-11:00;314;239;150;253
14.07.2017-11:15;313;238;149;253
14.07.2017-11:30;313;238;148;253
14.07.2017-11:45;314;238;148;254
14.07.2017-12:00;314;238;148;255
14.07.2017-12:15;313;238;148;255
14.07.2017-12:30;313;237;147;255
14.07.2017-12:45;312;239;147;256
14.07.2017-13:00;312;238;147;256
14.07.2017-13:15;312;238;147;255
14.07.2017-13:30;311;237;146;254
14.07.2017-13:45;312;237;146;253
14.07.2017-14:00;311;237;146;254
14.07.2017-14:15;311;238;146;252
14.07.2017-14:30;311;237;146;251
14.07.2017-14:45;311;237;146;251
14.07.2017-15:00;310;237;146;252
14.07.2017-15:15;310;237;145;252
14.07.2017-15:30;310;237;145;252
14.07.2017-15:45;310;236;145;253
14.07.2017-16:00;310;236;145;253
14.07.2017-16:15;309;237;144;253
14.07.2017-16:30;309;238;145;253
14.07.2017-16:45;309;236;145;254
14.07.2017-17:00;310;236;145;254
14.07.2017-17:15;309;236;145;255
14.07.2017-17:30;309;235;144;255
14.07.2017-17:45;309;236;145;255
14.07.2017-18:00;308;235;145;256
14.07.2017-18:15;308;235;145;255
14.07.2017-18:30;308;235;144;256
14.07.2017-18:45;309;236;144;254
14.07.2017-19:00;309;235;143;253
14.07.2017-19:15;308;235;143;251
14.07.2017-19:30;308;235;143;249
14.07.2017-19:45;308;236;143;249
14.07.2017-20:00;308;236;143;248
14.07.2017-20:15;307;235;143;247
14.07.2017-20:30;307;235;143;246
14.07.2017-20:45;307;235;143;247
14.07.2017-21:00;307;235;143;248
14.07.2017-21:15;307;234;142;248
14.07.2017-21:30;307;234;142;249
14.07.2017-21:45;307;234;143;250
14.07.2017-22:00;307;234;142;251
14.07.2017-22:15;308;234;142;252
14.07.2017-22:30;308;234;142;252
14.07.2017-22:45;307;234;142;252
14.07.2017-23:00;307;234;142;253
14.07.2017-23:15;307;233;142;252
14.07.2017-23:30;307;234;142;252
14.07.2017-23:45;307;234;141;251
14.07.2017-24:00;307;233;141;252
15.07.2017-00:15;307;234;141;252
15.07.2017-00:30;307;234;140;251
15.07.2017-00:45;307;235;141;251
15.07.2017-01:00;307;232;141;250
15.07.2017-01:15;307;234;141;250
15.07.2017-01:30;307;234;141;250
15.07.2017-01:45;307;233;141;250
15.07.2017-02:00;306;233;141;250
15.07.2017-02:15;306;232;141;250
15.07.2017-02:30;306;233;141;250
15.07.2017-02:45;307;233;142;249
15.07.2017-03:00;307;233;140;249
15.07.2017-03:15;307;233;140;249
15.07.2017-03:30;307;233;140;249
15.07.2017-03:45;306;233;140;249
15.07.2017-04:00;306;232;141;248
15.07.2017-04:15;307;232;139;248
15.07.2017-04:30;306;232;140;248
15.07.2017-04:45;306;232;140;248
15.07.2017-05:00;307;232;139;247
15.07.2017-05:15;306;232;140;248
15.07.2017-05:30;305;231;139;248
15.07.2017-05:45;306;232;140;248
15.07.2017-06:00;306;231;139;249
15.07.2017-06:15;305;232;139;249
15.07.2017-06:30;304;232;140;250
15.07.2017-06:45;305;230;139;251
15.07.2017-07:00;305;231;140;251
15.07.2017-07:15;305;232;138;251
15.07.2017-07:30;304;230;139;252
15.07.2017-07:45;304;229;138;253
15.07.2017-08:00;304;230;140;253
15.07.2017-08:15;304;231;139;253
15.07.2017-08:30;305;230;138;253
15.07.2017-08:45;304;231;138;252
15.07.2017-09:00;304;229;139;252
15.07.2017-09:15;304;230;138;252
15.07.2017-09:30;304;230;137;251
15.07.2017-09:45;303;229;137;250
15.07.2017-10:00;304;228;137;249
15.07.2017-10:15;304;227;137;249
15.07.2017-10:30;304;229;137;249
15.07.2017-10:45;304;229;137;247
15.07.2017-11:00;304;228;136;246
15.07.2017-11:15;304;227;137;246
15.07.2017-11:30;303;227;137;246
15.07.2017-11:45;303;227;137;245
15.07.2017-12:00;303;227;136;246
15.07.2017-12:15;303;227;136;245
15.07.2017-12:30;303;228;136;244
15.07.2017-12:45;302;226;136;246
15.07.2017-13:00;301;227;135;247
15.07.2017-13:15;302;228;136;248
15.07.2017-13:30;301;226;135;249
15.07.2017-13:45;301;226;136;248
15.07.2017-14:00;300;227;136;249
15.07.2017-14:15;300;227;135;250
15.07.2017-14:30;300;227;135;248
15.07.2017-14:45;299;226;135;248
15.07.2017-15:00;299;226;135;246
15.07.2017-15:15;299;226;135;245
15.07.2017-15:30;300;227;134;243
15.07.2017-15:45;300;226;134;243
15.07.2017-16:00;300;226;136;241
15.07.2017-16:15;299;225;135;239
15.07.2017-16:30;298;226;135;239
15.07.2017-16:45;298;226;135;239
15.07.2017-17:00;298;225;134;242
15.07.2017-17:15;298;225;134;243
15.07.2017-17:30;298;226;133;243
15.07.2017-17:45;298;225;134;243
15.07.2017-18:00;298;225;134;243
15.07.2017-18:15;298;226;134;244
15.07.2017-18:30;298;223;133;244
15.07.2017-18:45;297;224;133;244
15.07.2017-19:00;297;225;134;244
15.07.2017-19:15;297;224;134;245
15.07.2017-19:30;298;224;134;245
15.07.2017-19:45;298;224;134;246
15.07.2017-20:00;298;224;134;245
15.07.2017-20:15;298;224;135;244
15.07.2017-20:30;298;223;132;243
15.07.2017-20:45;299;224;134;243
15.07.2017-21:00;298;222;132;241
15.07.2017-21:15;299;223;133;239
15.07.2017-21:30;299;223;132;238
15.07.2017-21:45;299;224;132;237
15.07.2017-22:00;299;222;132;237
15.07.2017-22:15;299;223;131;236
15.07.2017-22:30;299;222;132;236
15.07.2017-22:45;300;223;131;237
15.07.2017-23:00;300;223;131;236
15.07.2017-23:15;301;222;130;237
15.07.2017-23:30;300;223;130;238
15.07.2017-23:45;300;221;130;238
15.07.2017-24:00;301;222;130;238
16.07.2017-00:15;300;222;130;238
16.07.2017-00:30;300;223;130;237
16.07.2017-00:45;300;221;130;237
16.07.2017-01:00;301;220;130;237
16.07.2017-01:15;300;221;130;237
16.07.2017-01:30;300;221;129;237
16.07.2017-01:45;300;221;129;236
16.07.2017-02:00;301;221;130;237
16.07.2017-02:15;301;221;129;237
16.07.2017-02:30;301;221;129;236
16.07.2017-02:45;301;221;129;236
16.07.2017-03:00;301;221;128;236
16.07.2017-03:15;301;221;129;237
16.07.2017-03:30;303;221;128;236
16.07.2017-03:45;302;221;129;236
16.07.2017-04:00;303;222;128;236
16.07.2017-04:15;302;222;128;236
16.07.2017-04:30;302;220;128;236
16.07.2017-04:45;302;222;129;236
16.07.2017-05:00;302;222;128;236
16.07.2017-05:15;302;222;128;236
16.07.2017-05:30;302;223;128;235
16.07.2017-05:45;302;222;128;235
16.07.2017-06:00;302;222;128;235
16.07.2017-06:15;302;222;128;235
16.07.2017-06:30;303;223;128;234
16.07.2017-06:45;304;222;128;234
16.07.2017-07:00;303;223;128;233
16.07.2017-07:15;303;222;128;232
16.07.2017-07:30;302;222;129;232
16.07.2017-07:45;302;222;128;231
16.07.2017-08:00;303;223;128;231
16.07.2017-08:15;303;222;129;231
16.07.2017-08:30;303;222;128;232
16.07.2017-08:45;303;222;129;232
16.07.2017-09:00;304;221;129;233
16.07.2017-09:15;304;223;129;233
16.07.2017-09:30;305;221;128;233
16.07.2017-09:45;304;223;129;233
16.07.2017-10:00;304;223;129;233
16.07.2017-10:15;303;222;129;231
16.07.2017-10:30;303;223;129;231
16.07.2017-10:45;304;222;130;231
16.07.2017-11:00;304;223;129;231
16.07.2017-11:15;303;223;128;232
16.07.2017-11:30;303;224;130;232
16.07.2017-11:45;303;224;129;232
16.07.2017-12:00;303;222;128;231
16.07.2017-12:15;304;221;129;231
16.07.2017-12:30;304;224;129;231
16.07.2017-12:45;303;224;128;232
16.07.2017-13:00;303;223;129;232
16.07.2017-13:15;303;225;128;231
16.07.2017-13:30;302;224;128;231
16.07.2017-13:45;302;222;129;232
16.07.2017-14:00;302;224;129;231
16.07.2017-14:15;303;223;129;231
16.07.2017-14:30;303;223;129;230
16.07.2017-14:45;304;224;129;230
16.07.2017-15:00;303;223;130;230
16.07.2017-15:15;304;223;129;229
16.07.2017-15:30;303;223;129;229
16.07.2017-15:45;302;223;129;227
16.07.2017-16:00;303;223;129;226
16.07.2017-16:15;303;223;129;226
16.07.2017-16:30;302;223;129;226
16.07.2017-16:45;303;223;130;225
16.07.2017-17:00;303;223;130;226
16.07.2017-17:15;301;223;130;225
16.07.2017-17:30;301;224;130;225
16.07.2017-17:45;301;224;129;226
16.07.2017-18:00;301;223;130;228
16.07.2017-18:15;300;224;130;230
16.07.2017-18:30;300;223;131;230
16.07.2017-18:45;300;223;130;230
16.07.2017-19:00;300;224;130;230
16.07.2017-19:15;300;225;130;230
16.07.2017-19:30;301;221;130;228
16.07.2017-19:45;301;224;129;226
16.07.2017-20:00;300;223;129;227
16.07.2017-20:15;301;224;128;226
16.07.2017-20:30;300;224;129;225
16.07.2017-20:45;301;222;130;226
16.07.2017-21:00;300;223;130;229
16.07.2017-21:15;300;223;129;231
16.07.2017-21:30;300;222;129;232
16.07.2017-21:45;300;222;130;233
16.07.2017-22:00;300;222;130;233
16.07.2017-22:15;300;222;130;234
16.07.2017-22:30;300;222;130;234
16.07.2017-22:45;301;222;130;234
16.07.2017-23:00;301;222;130;234
16.07.2017-23:15;301;222;130;231
16.07.2017-23:30;300;222;130;232
16.07.2017-23:45;300;222;130;232
16.07.2017-24:00;300;222;130;232
17.07.2017-00:15;299;221;129;232
17.07.2017-00:30;299;221;130;232
17.07.2017-00:45;299;222;130;232
17.07.2017-01:00;299;221;129;232
17.07.2017-01:15;299;222;129;233
17.07.2017-01:30;299;221;129;232
17.07.2017-01:45;299;221;129;232
17.07.2017-02:00;299;221;129;232
17.07.2017-02:15;299;221;129;232
17.07.2017-02:30;299;221;130;231
17.07.2017-02:45;299;220;130;230
17.07.2017-03:00;299;221;129;230
17.07.2017-03:15;299;221;129;230
17.07.2017-03:30;299;221;129;230
17.07.2017-03:45;298;220;129;230
17.07.2017-04:00;298;221;130;229
17.07.2017-04:15;298;222;129;230
17.07.2017-04:30;297;220;129;229
17.07.2017-04:45;297;221;128;230
17.07.2017-05:00;298;221;128;229
17.07.2017-05:15;298;221;129;229
17.07.2017-05:30;297;222;128;229
17.07.2017-05:45;297;220;128;228
17.07.2017-06:00;297;221;128;228
17.07.2017-06:15;297;220;129;228
17.07.2017-06:30;297;221;128;228
17.07.2017-06:45;298;220;128;228
17.07.2017-07:00;298;221;128;228
17.07.2017-07:15;297;220;128;228
17.07.2017-07:30;297;219;129;226
17.07.2017-07:45;297;219;128;225
17.07.2017-08:00;297;220;128;225
17.07.2017-08:15;297;220;128;226
17.07.2017-08:30;298;218;128;226
17.07.2017-08:45;297;220;129;227
17.07.2017-09:00;296;219;129;228
17.07.2017-09:15;296;218;129;228
17.07.2017-09:30;297;219;128;229
17.07.2017-09:45;296;218;129;230
17.07.2017-10:00;296;218;128;229
17.07.2017-10:15;296;219;128;229
17.07.2017-10:30;296;219;127;228
17.07.2017-10:45;296;220;127;230
17.07.2017-11:00;297;219;127;229
17.07.2017-11:15;296;218;128;229
17.07.2017-11:30;296;219;127;230
17.07.2017-11:45;295;218;127;231
17.07.2017-12:00;295;221;127;231
17.07.2017-12:15;294;218;128;231
17.07.2017-12:30;294;218;128;232
17.07.2017-12:45;295;217;128;231
17.07.2017-13:00;295;217;127;232
17.07.2017-13:15;295;218;127;232
17.07.2017-13:30;295;218;127;228
17.07.2017-13:45;295;217;127;229
17.07.2017-14:00;296;217;127;230
17.07.2017-14:15;295;218;127;227
17.07.2017-14:30;295;217;126;226
17.07.2017-14:45;294;217;126;228
17.07.2017-15:00;294;216;126;227
17.07.2017-15:15;293;218;126;227
17.07.2017-15:30;293;217;126;227
17.07.2017-15:45;293;217;127;229
17.07.2017-16:00;293;216;127;229
17.07.2017-16:15;292;216;126;232
17.07.2017-16:30;292;216;125;232
17.07.2017-16:45;292;215;126;232
17.07.2017-17:00;292;215;126;233
17.07.2017-17:15;292;216;126;233
17.07.2017-17:30;292;214;125;232
17.07.2017-17:45;292;214;125;230
17.07.2017-18:00;292;214;125;229
17.07.2017-18:15;293;214;125;229
17.07.2017-18:30;292;215;125;228
17.07.2017-18:45;292;214;124;226
17.07.2017-19:00;292;215;124;227
17.07.2017-19:15;292;214;125;226
17.07.2017-19:30;292;214;124;224
17.07.2017-19:45;293;215;124;226
17.07.2017-20:00;293;212;125;228
17.07.2017-20:15;293;215;124;229
17.07.2017-20:30;292;213;125;228
17.07.2017-20:45;292;214;123;229
17.07.2017-21:00;292;214;123;230
17.07.2017-21:15;293;214;123;230
17.07.2017-21:30;293;213;123;230
17.07.2017-21:45;293;215;124;230
17.07.2017-22:00;293;214;123;230
17.07.2017-22:15;293;215;123;230
17.07.2017-22:30;293;212;124;230
17.07.2017-22:45;293;214;123;230
17.07.2017-23:00;293;214;122;230
17.07.2017-23:15;293;213;122;230
17.07.2017-23:30;293;213;122;230
17.07.2017-23:45;293;213;122;230
17.07.2017-24:00;294;213;123;230
18.07.2017-00:15;294;213;123;230
18.07.2017-00:30;294;214;122;230
18.07.2017-00:45;294;212;121;230
18.07.2017-01:00;294;213;121;231
18.07.2017-01:15;296;213;121;230
18.07.2017-01:30;295;213;121;230
18.07.2017-01:45;294;212;121;231
18.07.2017-02:00;294;212;121;231
18.07.2017-02:15;294;212;121;230
18.07.2017-02:30;293;212;121;230
18.07.2017-02:45;293;212;121;230
18.07.2017-03:00;293;212;120;230
18.07.2017-03:15;294;212;120;230
18.07.2017-03:30;295;212;120;229
18.07.2017-03:45;294;212;120;230
18.07.2017-04:00;294;212;120;229
18.07.2017-04:15;294;212;120;226
18.07.2017-04:30;295;212;120;226
18.07.2017-04:45;294;212;120;225
18.07.2017-05:00;294;211;120;224
18.07.2017-05:15;294;211;119;222
18.07.2017-05:30;293;211;119;222
18.07.2017-05:45;293;211;119;221
18.07.2017-06:00;294;211;120;220
18.07.2017-06:15;293;211;120;220
18.07.2017-06:30;292;212;119;220
18.07.2017-06:45;293;212;119;221
18.07.2017-07:00;293;211;119;221
18.07.2017-07:15;293;212;119;222
18.07.2017-07:30;293;212;119;223
18.07.2017-07:45;293;211;119;222
18.07.2017-08:00;292;211;119;222
18.07.2017-08:15;292;212;119;225
18.07.2017-08:30;293;212;120;224
18.07.2017-08:45;292;211;120;223
18.07.2017-09:00;291;211;121;222
18.07.2017-09:15;291;211;120;222
18.07.2017-09:30;292;211;120;222
18.07.2017-09:45;291;212;120;221
18.07.2017-10:00;291;212;119;221
18.07.2017-10:15;291;211;120;221
18.07.2017-10:30;291;212;119;223
18.07.2017-10:45;291;213;120;223
18.07.2017-11:00;291;211;119;222
18.07.2017-11:15;290;211;120;222
18.07.2017-11:30;291;212;119;223
18.07.2017-11:45;290;212;120;221
18.07.2017-12:00;290;213;120;220
18.07.2017-12:15;290;212;119;220
18.07.2017-12:30;290;211;120;219
18.07.2017-12:45;290;210;120;220
18.07.2017-13:00;290;210;120;219
18.07.2017-13:15;291;211;120;219
18.07.2017-13:30;291;211;120;220
18.07.2017-13:45;291;212;121;219
18.07.2017-14:00;291;210;120;219
18.07.2017-14:15;291;211;120;219
18.07.2017-14:30;290;211;120;219
18.07.2017-14:45;289;211;120;218
18.07.2017-15:00;288;210;120;218
18.07.2017-15:15;288;211;119;218
18.07.2017-15:30;288;212;120;219
18.07.2017-15:45;288;212;120;219
18.07.2017-16:00;288;209;119;218
18.07.2017-16:15;288;210;120;216
18.07.2017-16:30;289;211;120;218
18.07.2017-16:45;288;210;121;219
18.07.2017-17:00;288;211;121;218
18.07.2017-17:15;288;210;120;217
18.07.2017-17:30;288;211;120;217
18.07.2017-17:45;288;209;119;218
18.07.2017-18:00;288;210;120;219
18.07.2017-18:15;289;210;119;221
18.07.2017-18:30;288;211;120;222
18.07.2017-18:45;289;209;119;223
18.07.2017-19:00;288;208;119;223
18.07.2017-19:15;288;209;119;224
18.07.2017-19:30;288;209;119;223
18.07.2017-19:45;288;210;119;220
18.07.2017-20:00;288;210;118;219
18.07.2017-20:15;290;210;118;219
18.07.2017-20:30;289;209;119;217
18.07.2017-20:45;288;209;119;218
18.07.2017-21:00;289;209;119;217
18.07.2017-21:15;289;209;118;218
18.07.2017-21:30;289;209;118;219
18.07.2017-21:45;288;209;118;221
18.07.2017-22:00;288;209;119;222
18.07.2017-22:15;288;209;118;222
18.07.2017-22:30;288;208;118;222
18.07.2017-22:45;288;208;117;221
18.07.2017-23:00;289;209;118;219
18.07.2017-23:15;288;208;117;219
18.07.2017-23:30;288;208;117;218
18.07.2017-23:45;288;208;117;218
18.07.2017-24:00;288;209;117;217
19.07.2017-00:15;288;208;117;216
19.07.2017-00:30;288;208;117;216
19.07.2017-00:45;288;208;117;215
19.07.2017-01:00;288;208;117;214
19.07.2017-01:15;288;208;117;215
19.07.2017-01:30;287;208;116;215
19.07.2017-01:45;287;208;116;214
19.07.2017-02:00;287;208;116;216
19.07.2017-02:15;287;208;116;216
19.07.2017-02:30;287;208;116;217
19.07.2017-02:45;288;208;116;218
19.07.2017-03:00;287;208;116;217
19.07.2017-03:15;287;208;116;218
19.07.2017-03:30;287;207;116;218
19.07.2017-03:45;287;207;116;218
19.07.2017-04:00;287;207;116;218
19.07.2017-04:15;286;207;117;218
19.07.2017-04:30;287;207;116;219
19.07.2017-04:45;287;207;117;219
19.07.2017-05:00;288;206;116;219
19.07.2017-05:15;287;207;116;219
19.07.2017-05:30;287;206;116;220
19.07.2017-05:45;287;207;115;221
19.07.2017-06:00;286;207;117;219
19.07.2017-06:15;287;207;116;220
19.07.2017-06:30;287;208;115;220
19.07.2017-06:45;287;207;116;219
19.07.2017-07:00;287;207;116;218
19.07.2017-07:15;286;205;115;218
19.07.2017-07:30;285;206;115;218
19.07.2017-07:45;285;206;116;217
19.07.2017-08:00;285;206;116;217
19.07.2017-08:15;286;205;115;217
19.07.2017-08:30;285;205;116;217
19.07.2017-08:45;285;205;115;218
19.07.2017-09:00;285;206;115;216
19.07.2017-09:15;285;205;115;217
19.07.2017-09:30;286;205;115;217
19.07.2017-09:45;285;206;115;217
19.07.2017-10:00;285;205;116;216
19.07.2017-10:15;287;205;115;217
19.07.2017-10:30;285;205;115;218
19.07.2017-10:45;285;204;115;218
19.07.2017-11:00;284;205;115;218
19.07.2017-11:15;284;204;115;218
19.07.2017-11:30;284;204;114;219
19.07.2017-11:45;284;203;114;220
19.07.2017-12:00;284;204;114;220
19.07.2017-12:15;285;204;114;219
19.07.2017-12:30;285;204;114;219
19.07.2017-12:45;286;204;114;218
19.07.2017-13:00;285;203;114;221
19.07.2017-13:15;284;203;114;222
19.07.2017-13:30;285;203;113;222
19.07.2017-13:45;284;202;114;223
19.07.2017-14:00;284;203;114;223
19.07.2017-14:15;284;203;114;222
19.07.2017-14:30;283;203;113;219
19.07.2017-14:45;284;202;113;218
19.07.2017-15:00;284;203;113;218
19.07.2017-15:15;284;202;112;216
19.07.2017-15:30;285;202;113;215
19.07.2017-15:45;284;203;113;216
19.07.2017-16:00;284;203;113;217
19.07.2017-16:15;285;203;112;219
19.07.2017-16:30;283;202;112;220
19.07.2017-16:45;283;202;112;219
19.07.2017-17:00;282;203;112;219
19.07.2017-17:15;282;203;112;219
19.07.2017-17:30;282;202;112;220
19.07.2017-17:45;283;202;111;219
19.07.2017-18:00;283;202;111;218
19.07.2017-18:15;282;203;112;218
19.07.2017-18:30;283;202;111;217
19.07.2017-18:45;282;202;111;216
19.07.2017-19:00;282;201;111;215
19.07.2017-19:15;282;202;111;215
19.07.2017-19:30;283;201;111;215
19.07.2017-19:45;284;202;111;215
19.07.2017-20:00;284;203;111;217
19.07.2017-20:15;284;203;111;219
19.07.2017-20:30;284;201;110;218
19.07.2017-20:45;284;201;110;220
19.07.2017-21:00;284;202;110;220
19.07.2017-21:15;285;202;110;218
19.07.2017-21:30;284;202;111;218
19.07.2017-21:45;284;204;111;218
19.07.2017-22:00;284;201;111;217
19.07.2017-22:15;284;201;111;217
19.07.2017-22:30;286;202;111;216
19.07.2017-22:45;285;202;110;216
19.07.2017-23:00;286;203;111;216
19.07.2017-23:15;286;202;110;215
19.07.2017-23:30;286;201;111;215
19.07.2017-23:45;286;202;111;214
19.07.2017-24:00;286;202;111;214
20.07.2017-00:15;286;203;111;214
20.07.2017-00:30;286;201;111;214
20.07.2017-00:45;287;202;111;215
20.07.2017-01:00;288;202;111;214
20.07.2017-01:15;287;202;111;214
20.07.2017-01:30;287;203;111;216
20.07.2017-01:45;287;202;111;215
20.07.2017-02:00;287;202;112;214
20.07.2017-02:15;287;203;111;215
20.07.2017-02:30;287;203;111;215
20.07.2017-02:45;287;204;111;214
20.07.2017-03:00;289;203;112;213
20.07.2017-03:15;288;203;112;214
20.07.2017-03:30;288;203;112;213
20.07.2017-03:45;288;204;112;213
20.07.2017-04:00;288;203;111;214
20.07.2017-04:15;288;204;111;214
20.07.2017-04:30;288;205;112;214
20.07.2017-04:45;288;203;112;214
20.07.2017-05:00;289;204;112;214
20.07.2017-05:15;289;204;112;214
20.07.2017-05:30;289;204;113;215
20.07.2017-05:45;289;205;114;214
20.07.2017-06:00;288;204;112;213
20.07.2017-06:15;288;204;113;215
20.07.2017-06:30;288;205;114;216
20.07.2017-06:45;288;206;115;216
20.07.2017-07:00;288;205;113;213
20.07.2017-07:15;288;206;113;213
20.07.2017-07:30;288;206;114;213
20.07.2017-07:45;288;206;115;212
20.07.2017-08:00;288;206;114;212
20.07.2017-08:15;287;207;115;211
20.07.2017-08:30;288;208;115;212
20.07.2017-08:45;288;206;115;214
20.07.2017-09:00;287;207;116;215
20.07.2017-09:15;288;207;115;214
20.07.2017-09:30;287;207;115;215
20.07.2017-09:45;286;208;116;213
20.07.2017-10:00;287;208;116;214
20.07.2017-10:15;286;208;116;214
20.07.2017-10:30;286;209;116;215
20.07.2017-10:45;285;209;116;214
20.07.2017-11:00;285;208;117;214
20.07.2017-11:15;285;209;117;213
20.07.2017-11:30;286;209;118;213
20.07.2017-11:45;287;209;118;213
20.07.2017-12:00;286;209;118;212
20.07.2017-12:15;286;209;119;211
20.07.2017-12:30;285;210;118;212
20.07.2017-12:45;285;210;119;211
20.07.2017-13:00;285;211;120;212
20.07.2017-13:15;286;210;119;214
20.07.2017-13:30;285;210;119;213
20.07.2017-13:45;285;211;119;212
20.07.2017-14:00;284;211;120;215
20.07.2017-14:15;284;211;120;217
20.07.2017-14:30;284;211;120;217
20.07.2017-14:45;284;211;120;217
20.07.2017-15:00;283;210;121;217
20.07.2017-15:15;283;210;121;217
20.07.2017-15:30;282;210;121;217
20.07.2017-15:45;282;210;121;217
20.07.2017-16:00;282;210;121;215
20.07.2017-16:15;282;211;120;216
20.07.2017-16:30;282;210;122;216
20.07.2017-16:45;282;211;121;216
20.07.2017-17:00;282;211;121;216
20.07.2017-17:15;282;210;121;215
20.07.2017-17:30;281;210;121;217
20.07.2017-17:45;281;210;121;217
20.07.2017-18:00;282;211;121;217
20.07.2017-18:15;282;210;122;218
20.07.2017-18:30;281;209;122;218
20.07.2017-18:45;281;210;122;219
20.07.2017-19:00;280;210;122;221
20.07.2017-19:15;280;210;121;222
20.07.2017-19:30;280;210;122;223
20.07.2017-19:45;281;209;121;222
20.07.2017-20:00;280;209;121;222
20.07.2017-20:15;280;210;121;225
20.07.2017-20:30;279;210;121;226
20.07.2017-20:45;279;210;121;227
20.07.2017-21:00;279;210;122;227
20.07.2017-21:15;279;210;122;226
20.07.2017-21:30;279;210;121;227
20.07.2017-21:45;279;209;121;226
20.07.2017-22:00;279;209;121;227
20.07.2017-22:15;279;209;121;227
20.07.2017-22:30;279;209;121;226
20.07.2017-22:45;279;209;121;225
20.07.2017-23:00;280;208;121;224
20.07.2017-23:15;279;208;121;223
20.07.2017-23:30;280;209;121;222
20.07.2017-23:45;280;209;121;224
20.07.2017-24:00;279;208;120;223
21.07.2017-00:15;279;208;120;223
21.07.2017-00:30;280;208;120;224
21.07.2017-00:45;279;208;120;224
21.07.2017-01:00;278;209;120;225
21.07.2017-01:15;278;207;120;225
21.07.2017-01:30;279;208;120;223
21.07.2017-01:45;280;208;120;224
21.07.2017-02:00;280;209;120;223
21.07.2017-02:15;279;208;121;223
21.07.2017-02:30;279;208;120;223
21.07.2017-02:45;279;209;121;223
21.07.2017-03:00;278;209;120;224
21.07.2017-03:15;278;208;121;224
21.07.2017-03:30;279;209;121;225
21.07.2017-03:45;279;209;121;225
21.07.2017-04:00;278;208;120;225
21.07.2017-04:15;278;208;120;224
21.07.2017-04:30;278;209;120;225
21.07.2017-04:45;278;209;121;224
21.07.2017-05:00;278;208;122;224
21.07.2017-05:15;278;208;121;225
21.07.2017-05:30;278;209;121;224
21.07.2017-05:45;279;208;121;225
21.07.2017-06:00;279;208;121;225
21.07.2017-06:15;279;208;120;226
21.07.2017-06:30;280;207;120;226
21.07.2017-06:45;280;209;121;226
21.07.2017-07:00;279;208;121;225
21.07.2017-07:15;279;207;121;224
21.07.2017-07:30;279;206;121;224
21.07.2017-07:45;279;207;121;224
21.07.2017-08:00;279;208;121;224
21.07.2017-08:15;280;208;121;224
21.07.2017-08:30;280;207;121;224
21.07.2017-08:45;279;206;121;224
21.07.2017-09:00;281;207;122;224
21.07.2017-09:15;280;207;121;223
21.07.2017-09:30;280;207;121;223
21.07.2017-09:45;282;207;120;223
21.07.2017-10:00;281;207;121;222
21.07.2017-10:15;281;207;120;222
21.07.2017-10:30;281;206;120;222
21.07.2017-10:45;281;207;120;222
21.07.2017-11:00;281;208;120;221
21.07.2017-11:15;281;207;120;222
21.07.2017-11:30;281;209;120;221
21.07.2017-11:45;281;207;121;221
21.07.2017-12:00;281;207;120;221
21.07.2017-12:15;281;208;121;221
21.07.2017-12:30;281;207;121;223
21.07.2017-12:45;281;208;120;223
21.07.2017-13:00;281;208;120;223
21.07.2017-13:15;281;208;121;223
21.07.2017-13:30;282;209;121;224
21.07.2017-13:45;283;207;121;224
21.07.2017-14:00;283;208;121;224
21.07.2017-14:15;282;209;121;225
21.07.2017-14:30;282;209;121;223
21.07.2017-14:45;282;208;121;220
21.07.2017-15:00;282;209;121;220
21.07.2017-15:15;282;208;121;220
21.07.2017-15:30;282;209;121;219
21.07.2017-15:45;282;209;121;218
21.07.2017-16:00;282;208;121;219
21.07.2017-16:15;283;209;122;220
21.07.2017-16:30;283;207;121;220
21.07.2017-16:45;283;208;121;220
21.07.2017-17:00;283;208;121;223
21.07.2017-17:15;282;207;121;224
21.07.2017-17:30;282;208;121;225
21.07.2017-17:45;283;207;121;224
21.07.2017-18:00;283;208;121;225
21.07.2017-18:15;283;206;120;225
21.07.2017-18:30;283;207;120;223
21.07.2017-18:45;284;207;120;221
21.07.2017-19:00;285;207;120;220
21.07.2017-19:15;284;207;120;220
21.07.2017-19:30;284;207;119;218
21.07.2017-19:45;284;207;119;218
21.07.2017-20:00;284;206;120;218
21.07.2017-20:15;284;207;119;217
21.07.2017-20:30;285;207;118;217
21.07.2017-20:45;284;206;118;220
21.07.2017-21:00;284;206;118;222
21.07.2017-21:15;284;206;118;223
21.07.2017-21:30;284;206;118;225
21.07.2017-21:45;285;207;118;225
21.07.2017-22:00;285;205;118;224
21.07.2017-22:15;285;206;118;224
21.07.2017-22:30;285;206;118;224
21.07.2017-22:45;286;206;118;223
21.07.2017-23:00;285;206;117;223
21.07.2017-23:15;285;206;118;222
21.07.2017-23:30;286;206;117;223
21.07.2017-23:45;286;205;118;224
21.07.2017-24:00;286;206;117;223
22.07.2017-00:15;288;206;117;223
22.07.2017-00:30;287;206;117;224
22.07.2017-00:45;287;205;116;224
22.07.2017-01:00;286;206;118;224
22.07.2017-01:15;286;206;117;223
22.07.2017-01:30;286;207;117;224
22.07.2017-01:45;286;208;116;224
22.07.2017-02:00;287;206;116;224
22.07.2017-02:15;286;208;117;224
22.07.2017-02:30;286;208;117;225
22.07.2017-02:45;286;208;117;226
22.07.2017-03:00;286;209;117;227
22.07.2017-03:15;286;209;117;228
22.07.2017-03:30;285;210;118;230
22.07.2017-03:45;285;209;118;231
22.07.2017-04:00;285;209;118;231
22.07.2017-04:15;286;210;119;232
22.07.2017-04:30;286;210;118;233
22.07.2017-04:45;285;210;119;233
22.07.2017-05:00;286;210;119;233
22.07.2017-05:15;286;210;119;233
22.07.2017-05:30;286;211;120;234
22.07.2017-05:45;286;212;120;235
22.07.2017-06:00;285;212;120;235
22.07.2017-06:15;286;212;121;234
22.07.2017-06:30;285;212;121;232
22.07.2017-06:45;285;213;121;231
22.07.2017-07:00;285;212;123;230
22.07.2017-07:15;285;213;122;229
22.07.2017-07:30;286;214;122;230
22.07.2017-07:45;286;215;123;230
22.07.2017-08:00;286;216;123;229
22.07.2017-08:15;286;216;123;228
22.07.2017-08:30;285;216;124;229
22.07.2017-08:45;285;217;126;230
22.07.2017-09:00;286;219;126;232
22.07.2017-09:15;286;219;126;232
22.07.2017-09:30;286;221;127;232
22.07.2017-09:45;285;222;128;233
22.07.2017-10:00;285;222;129;233
22.07.2017-10:15;285;222;130;234
22.07.2017-10:30;286;222;130;234
22.07.2017-10:45;287;222;131;234
22.07.2017-11:00;286;222;132;235
22.07.2017-11:15;287;222;132;234
22.07.2017-11:30;287;223;133;233
22.07.2017-11:45;287;222;133;233
22.07.2017-12:00;286;221;133;233
22.07.2017-12:15;286;221;133;232
22.07.2017-12:30;286;222;134;232
22.07.2017-12:45;286;221;133;233
22.07.2017-13:00;287;221;133;233
22.07.2017-13:15;287;222;135;233
22.07.2017-13:30;287;223;134;233
22.07.2017-13:45;287;222;135;232
22.07.2017-14:00;288;223;135;233
22.07.2017-14:15;288;222;135;232
22.07.2017-14:30;288;222;136;232
22.07.2017-14:45;288;222;135;232
22.07.2017-15:00;288;222;136;233
22.07.2017-15:15;288;223;135;233
22.07.2017-15:30;288;222;136;233
22.07.2017-15:45;289;222;136;234
22.07.2017-16:00;290;222;136;234
22.07.2017-16:15;289;222;136;233
22.07.2017-16:30;289;222;135;234
22.07.2017-16:45;289;222;136;234
22.07.2017-17:00;289;221;135;234
22.07.2017-17:15;290;222;136;234
22.07.2017-17:30;290;222;136;235
22.07.2017-17:45;290;222;136;235
22.07.2017-18:00;290;223;136;236
22.07.2017-18:15;290;223;136;237
22.07.2017-18:30;291;223;136;238
22.07.2017-18:45;291;223;136;237
22.07.2017-19:00;291;224;136;238
22.07.2017-19:15;292;224;136;238
22.07.2017-19:30;292;225;136;237
22.07.2017-19:45;292;225;136;235
22.07.2017-20:00;292;225;136;235
22.07.2017-20:15;292;225;136;235
22.07.2017-20:30;292;224;136;235
22.07.2017-20:45;293;225;136;235
22.07.2017-21:00;294;225;136;236
22.07.2017-21:15;294;224;136;237
22.07.2017-21:30;293;225;137;238
22.07.2017-21:45;293;225;137;238
22.07.2017-22:00;294;225;137;239
22.07.2017-22:15;294;224;136;239
22.07.2017-22:30;295;224;137;238
22.07.2017-22:45;296;224;137;239
22.07.2017-23:00;295;224;137;239
22.07.2017-23:15;295;224;136;239
22.07.2017-23:30;295;224;136;239
22.07.2017-23:45;295;224;136;239
22.07.2017-24:00;295;224;136;239
23.07.2017-00:15;295;225;136;239
23.07.2017-00:30;295;224;136;239
23.07.2017-00:45;296;225;136;239
23.07.2017-01:00;296;225;136;238
23.07.2017-01:15;296;225;136;239
23.07.2017-01:30;296;225;136;238
23.07.2017-01:45;296;225;136;238
23.07.2017-02:00;297;225;136;238
23.07.2017-02:15;297;225;136;237
23.07.2017-02:30;297;225;136;238
23.07.2017-02:45;297;226;137;237
23.07.2017-03:00;297;226;137;237
23.07.2017-03:15;297;224;136;237
23.07.2017-03:30;297;226;136;237
23.07.2017-03:45;297;226;136;236
23.07.2017-04:00;297;226;136;236
23.07.2017-04:15;297;226;137;236
23.07.2017-04:30;297;227;136;236
23.07.2017-04:45;298;225;136;236
23.07.2017-05:00;298;226;137;236
23.07.2017-05:15;298;226;137;236
23.07.2017-05:30;298;225;136;236
23.07.2017-05:45;298;225;136;236
23.07.2017-06:00;298;225;136;235
23.07.2017-06:15;297;225;136;236
23.07.2017-06:30;297;225;136;236
23.07.2017-06:45;298;224;136;236
23.07.2017-07:00;299;224;135;236
23.07.2017-07:15;300;224;136;238
23.07.2017-07:30;299;225;136;238
23.07.2017-07:45;299;224;135;237
23.07.2017-08:00;299;224;135;237
23.07.2017-08:15;298;224;135;237
23.07.2017-08:30;298;224;135;237
23.07.2017-08:45;298;224;135;237
23.07.2017-09:00;298;224;135;236
23.07.2017-09:15;298;223;134;236
23.07.2017-09:30;298;224;134;237
23.07.2017-09:45;299;224;134;236
23.07.2017-10:00;298;223;134;237
23.07.2017-10:15;298;224;134;236
23.07.2017-10:30;299;223;134;236
23.07.2017-10:45;298;223;133;236
23.07.2017-11:00;297;223;133;236
23.07.2017-11:15;298;223;133;237
23.07.2017-11:30;299;222;133;235
23.07.2017-11:45;297;223;133;236
23.07.2017-12:00;297;223;133;236
23.07.2017-12:15;298;223;132;236
23.07.2017-12:30;297;222;133;235
23.07.2017-12:45;297;223;132;236
23.07.2017-13:00;297;223;132;235
23.07.2017-13:15;297;224;132;235
23.07.2017-13:30;297;223;132;235
23.07.2017-13:45;298;223;133;235
23.07.2017-14:00;297;223;131;235
23.07.2017-14:15;297;224;132;235
23.07.2017-14:30;297;223;132;235
23.07.2017-14:45;296;224;132;236
23.07.2017-15:00;296;224;132;235
23.07.2017-15:15;296;225;133;236
23.07.2017-15:30;296;225;132;238
23.07.2017-15:45;296;225;132;238
23.07.2017-16:00;297;225;133;237
23.07.2017-16:15;296;225;133;237
23.07.2017-16:30;296;225;133;237
23.07.2017-16:45;296;226;133;237
23.07.2017-17:00;296;227;134;236
23.07.2017-17:15;296;225;134;236
23.07.2017-17:30;295;226;135;236
23.07.2017-17:45;295;227;134;236
23.07.2017-18:00;295;226;135;236
23.07.2017-18:15;295;228;134;236
23.07.2017-18:30;296;227;134;237
23.07.2017-18:45;295;228;135;236
23.07.2017-19:00;295;228;135;236
23.07.2017-19:15;294;228;135;236
23.07.2017-19:30;295;228;136;236
23.07.2017-19:45;295;229;136;236
23.07.2017-20:00;294;228;136;236
23.07.2017-20:15;294;228;136;235
23.07.2017-20:30;294;228;137;235
23.07.2017-20:45;294;229;137;236
23.07.2017-21:00;294;229;137;235
23.07.2017-21:15;294;230;137;235
23.07.2017-21:30;294;230;138;236
23.07.2017-21:45;295;229;138;235
23.07.2017-22:00;295;230;139;237
23.07.2017-22:15;294;229;138;236
23.07.2017-22:30;295;230;138;236
23.07.2017-22:45;294;230;138;235
23.07.2017-23:00;294;230;139;235
23.07.2017-23:15;294;229;139;235
23.07.2017-23:30;294;230;139;236
23.07.2017-23:45;295;230;139;235
23.07.2017-24:00;294;228;139;235
24.07.2017-00:15;295;229;139;235
24.07.2017-00:30;295;229;139;235
24.07.2017-00:45;295;229;139;235
24.07.2017-01:00;294;229;139;235
24.07.2017-01:15;294;229;139;236
24.07.2017-01:30;294;228;139;235
24.07.2017-01:45;294;228;140;235
24.07.2017-02:00;294;228;140;235
24.07.2017-02:15;294;228;140;235
24.07.2017-02:30;295;228;140;236
24.07.2017-02:45;294;228;139;236
24.07.2017-03:00;294;228;140;236
24.07.2017-03:15;295;228;140;236
24.07.2017-03:30;296;227;139;236
24.07.2017-03:45;295;227;139;236
24.07.2017-04:00;295;227;138;236
24.07.2017-04:15;295;226;139;236
24.07.2017-04:30;295;224;138;236
24.07.2017-04:45;294;225;138;236
24.07.2017-05:00;295;224;138;236
24.07.2017-05:15;295;223;137;235
24.07.2017-05:30;295;222;137;236
24.07.2017-05:45;297;222;138;236
24.07.2017-06:00;296;222;136;235
24.07.2017-06:15;296;222;136;235
24.07.2017-06:30;296;221;136;235
24.07.2017-06:45;298;222;136;234
24.07.2017-07:00;297;221;135;234
24.07.2017-07:15;297;221;136;235
24.07.2017-07:30;297;222;135;236
24.07.2017-07:45;296;220;135;236
24.07.2017-08:00;296;220;135;235
24.07.2017-08:15;296;221;135;236
24.07.2017-08:30;296;220;134;237
24.07.2017-08:45;296;220;134;237
24.07.2017-09:00;295;220;134;236
24.07.2017-09:15;296;221;134;237
24.07.2017-09:30;295;221;133;239
24.07.2017-09:45;295;222;133;240
24.07.2017-10:00;295;221;133;239
24.07.2017-10:15;295;222;133;240
24.07.2017-10:30;296;221;134;239
24.07.2017-10:45;296;221;134;239
24.07.2017-11:00;295;220;132;238
24.07.2017-11:15;294;220;133;238
24.07.2017-11:30;295;220;132;237
24.07.2017-11:45;295;220;133;236
24.07.2017-12:00;294;220;133;235
24.07.2017-12:15;294;222;132;236
24.07.2017-12:30;293;221;133;237
24.07.2017-12:45;293;221;133;236
24.07.2017-13:00;293;221;133;236
24.07.2017-13:15;294;220;132;236
24.07.2017-13:30;293;221;132;237
24.07.2017-13:45;292;221;132;236
24.07.2017-14:00;293;221;133;237
24.07.2017-14:15;292;221;131;238
24.07.2017-14:30;292;220;131;239
24.07.2017-14:45;292;221;132;239
24.07.2017-15:00;292;221;131;239
24.07.2017-15:15;291;221;132;238
24.07.2017-15:30;291;220;131;238
24.07.2017-15:45;291;221;132;239
24.07.2017-16:00;291;220;132;238
24.07.2017-16:15;291;219;132;237
24.07.2017-16:30;291;219;131;239
24.07.2017-16:45;292;219;132;238
24.07.2017-17:00;291;219;132;237
24.07.2017-17:15;291;219;131;237
24.07.2017-17:30;291;219;132;236
24.07.2017-17:45;290;219;131;237
24.07.2017-18:00;290;218;131;237
24.07.2017-18:15;290;219;131;236
24.07.2017-18:30;291;219;131;238
24.07.2017-18:45;291;218;131;237
24.07.2017-19:00;292;219;131;236
24.07.2017-19:15;292;218;131;238
24.07.2017-19:30;292;218;131;239
24.07.2017-19:45;291;219;131;239
24.07.2017-20:00;291;218;131;239
24.07.2017-20:15;291;218;131;240
24.07.2017-20:30;291;218;130;241
24.07.2017-20:45;292;218;130;240
24.07.2017-21:00;292;218;131;238
24.07.2017-21:15;292;218;130;238
24.07.2017-21:30;292;217;130;238
24.07.2017-21:45;293;218;130;237
24.07.2017-22:00;292;218;130;236
24.07.2017-22:15;292;218;129;237
24.07.2017-22:30;292;216;129;237
24.07.2017-22:45;293;217;130;236
24.07.2017-23:00;293;217;129;235
24.07.2017-23:15;293;217;129;234
24.07.2017-23:30;293;217;129;234
24.07.2017-23:45;293;216;128;234
24.07.2017-24:00;293;217;129;234
