datetime;fremersdorf;hanweiler;sanktarnual
25.06.2017-00:15;206;235;189
25.06.2017-00:30;209;235;189
25.06.2017-00:45;208;236;189
25.06.2017-01:00;208;235;188
25.06.2017-01:15;208;235;188
25.06.2017-01:30;206;236;188
25.06.2017-01:45;202;235;188
25.06.2017-02:00;203;236;187
25.06.2017-02:15;203;236;189
25.06.2017-02:30;203;235;190
25.06.2017-02:45;206;235;190
25.06.2017-03:00;206;235;190
25.06.2017-03:15;206;236;190
25.06.2017-03:30;206;235;191
25.06.2017-03:45;205;235;192
25.06.2017-04:00;203;235;192
25.06.2017-04:15;204;236;192
25.06.2017-04:30;204;236;192
25.06.2017-04:45;204;235;193
25.06.2017-05:00;205;236;194
25.06.2017-05:15;205;235;194
25.06.2017-05:30;205;235;194
25.06.2017-05:45;206;234;195
25.06.2017-06:00;205;234;195
25.06.2017-06:15;204;234;195
25.06.2017-06:30;204;234;196
25.06.2017-06:45;204;234;196
25.06.2017-07:00;203;234;196
25.06.2017-07:15;201;234;196
25.06.2017-07:30;205;233;197
25.06.2017-07:45;201;233;197
25.06.2017-08:00;203;234;197
25.06.2017-08:15;203;233;198
25.06.2017-08:30;204;233;198
25.06.2017-08:45;203;235;198
25.06.2017-09:00;204;234;198
25.06.2017-09:15;203;235;198
25.06.2017-09:30;202;234;199
25.06.2017-09:45;204;234;199
25.06.2017-10:00;202;234;199
25.06.2017-10:15;200;234;199
25.06.2017-10:30;200;235;199
25.06.2017-10:45;203;234;199
25.06.2017-11:00;200;234;198
25.06.2017-11:15;197;234;199
25.06.2017-11:30;202;234;200
25.06.2017-11:45;203;234;198
25.06.2017-12:00;204;234;198
25.06.2017-12:15;202;234;199
25.06.2017-12:30;201;233;200
25.06.2017-12:45;199;235;198
25.06.2017-13:00;201;235;198
25.06.2017-13:15;200;234;199
25.06.2017-13:30;202;235;200
25.06.2017-13:45;202;234;199
25.06.2017-14:00;202;234;199
25.06.2017-14:15;202;233;200
25.06.2017-14:30;202;233;199
25.06.2017-14:45;199;233;198
25.06.2017-15:00;199;233;199
25.06.2017-15:15;197;234;198
25.06.2017-15:30;200;233;199
25.06.2017-15:45;198;233;199
25.06.2017-16:00;201;233;199
25.06.2017-16:15;201;234;198
25.06.2017-16:30;203;233;199
25.06.2017-16:45;201;234;199
25.06.2017-17:00;201;233;200
25.06.2017-17:15;199;233;199
25.06.2017-17:30;200;233;199
25.06.2017-17:45;201;233;200
25.06.2017-18:00;200;234;200
25.06.2017-18:15;202;234;200
25.06.2017-18:30;201;234;200
25.06.2017-18:45;202;234;200
25.06.2017-19:00;201;234;200
25.06.2017-19:15;201;234;200
25.06.2017-19:30;200;234;200
25.06.2017-19:45;201;234;200
25.06.2017-20:00;201;235;200
25.06.2017-20:15;201;234;200
25.06.2017-20:30;201;234;200
25.06.2017-20:45;202;235;200
25.06.2017-21:00;202;234;199
25.06.2017-21:15;202;235;199
25.06.2017-21:30;202;234;199
25.06.2017-21:45;201;234;198
25.06.2017-22:00;201;234;198
25.06.2017-22:15;201;233;198
25.06.2017-22:30;202;233;198
25.06.2017-22:45;202;234;197
25.06.2017-23:00;202;234;197
25.06.2017-23:15;202;234;197
25.06.2017-23:30;202;233;197
25.06.2017-23:45;202;234;197
25.06.2017-24:00;202;233;196
26.06.2017-00:15;202;233;196
26.06.2017-00:30;202;233;196
26.06.2017-00:45;202;233;196
26.06.2017-01:00;202;233;196
26.06.2017-01:15;202;233;195
26.06.2017-01:30;202;233;195
26.06.2017-01:45;203;234;195
26.06.2017-02:00;202;233;195
26.06.2017-02:15;202;234;195
26.06.2017-02:30;202;233;195
26.06.2017-02:45;202;233;195
26.06.2017-03:00;202;234;195
26.06.2017-03:15;202;234;196
26.06.2017-03:30;203;233;195
26.06.2017-03:45;203;234;195
26.06.2017-04:00;203;233;195
26.06.2017-04:15;203;234;196
26.06.2017-04:30;203;234;196
26.06.2017-04:45;203;233;196
26.06.2017-05:00;203;234;197
26.06.2017-05:15;203;233;197
26.06.2017-05:30;203;233;197
26.06.2017-05:45;200;234;197
26.06.2017-06:00;202;233;198
26.06.2017-06:15;203;234;198
26.06.2017-06:30;201;233;198
26.06.2017-06:45;202;233;198
26.06.2017-07:00;201;233;198
26.06.2017-07:15;201;233;199
26.06.2017-07:30;203;233;199
26.06.2017-07:45;205;233;199
26.06.2017-08:00;205;234;199
26.06.2017-08:15;201;234;199
26.06.2017-08:30;203;234;199
26.06.2017-08:45;201;234;199
26.06.2017-09:00;204;234;199
26.06.2017-09:15;207;234;199
26.06.2017-09:30;206;234;199
26.06.2017-09:45;204;234;200
26.06.2017-10:00;204;234;200
26.06.2017-10:15;204;234;200
26.06.2017-10:30;202;234;200
26.06.2017-10:45;202;234;200
26.06.2017-11:00;202;234;200
26.06.2017-11:15;204;234;200
26.06.2017-11:30;203;234;200
26.06.2017-11:45;201;234;200
26.06.2017-12:00;202;234;200
26.06.2017-12:15;200;234;201
26.06.2017-12:30;201;234;201
26.06.2017-12:45;202;234;201
26.06.2017-13:00;201;234;201
26.06.2017-13:15;202;234;201
26.06.2017-13:30;202;235;201
26.06.2017-13:45;201;234;201
26.06.2017-14:00;201;234;201
26.06.2017-14:15;202;234;201
26.06.2017-14:30;201;234;201
26.06.2017-14:45;201;234;201
26.06.2017-15:00;201;234;201
26.06.2017-15:15;197;234;201
26.06.2017-15:30;201;234;201
26.06.2017-15:45;199;234;201
26.06.2017-16:00;199;234;202
26.06.2017-16:15;200;234;202
26.06.2017-16:30;201;234;202
26.06.2017-16:45;200;234;202
26.06.2017-17:00;201;234;202
26.06.2017-17:15;200;234;202
26.06.2017-17:30;198;234;202
26.06.2017-17:45;200;234;202
26.06.2017-18:00;199;234;202
26.06.2017-18:15;199;234;202
26.06.2017-18:30;199;234;202
26.06.2017-18:45;200;234;202
26.06.2017-19:00;200;234;202
26.06.2017-19:15;200;234;202
26.06.2017-19:30;199;234;202
26.06.2017-19:45;198;234;202
26.06.2017-20:00;199;234;202
26.06.2017-20:15;198;234;202
26.06.2017-20:30;199;234;202
26.06.2017-20:45;199;234;202
26.06.2017-21:00;200;234;202
26.06.2017-21:15;199;234;202
26.06.2017-21:30;200;234;202
26.06.2017-21:45;199;234;202
26.06.2017-22:00;199;234;202
26.06.2017-22:15;208;234;202
26.06.2017-22:30;208;234;202
26.06.2017-22:45;208;234;202
26.06.2017-23:00;209;234;202
26.06.2017-23:15;209;234;201
26.06.2017-23:30;209;234;201
26.06.2017-23:45;209;234;202
26.06.2017-24:00;209;234;202
27.06.2017-00:15;208;234;201
27.06.2017-00:30;209;234;201
27.06.2017-00:45;209;234;201
27.06.2017-01:00;210;234;201
27.06.2017-01:15;210;234;201
27.06.2017-01:30;210;234;200
27.06.2017-01:45;210;234;200
27.06.2017-02:00;210;234;200
27.06.2017-02:15;210;234;200
27.06.2017-02:30;210;234;200
27.06.2017-02:45;210;234;200
27.06.2017-03:00;210;234;200
27.06.2017-03:15;210;234;200
27.06.2017-03:30;210;234;200
27.06.2017-03:45;210;234;200
27.06.2017-04:00;210;234;200
27.06.2017-04:15;210;234;200
27.06.2017-04:30;210;234;200
27.06.2017-04:45;210;234;200
27.06.2017-05:00;210;234;200
27.06.2017-05:15;211;234;200
27.06.2017-05:30;211;234;200
27.06.2017-05:45;211;234;200
27.06.2017-06:00;211;234;200
27.06.2017-06:15;211;234;200
27.06.2017-06:30;211;234;200
27.06.2017-06:45;211;234;200
27.06.2017-07:00;211;234;200
27.06.2017-07:15;211;234;199
27.06.2017-07:30;211;234;197
27.06.2017-07:45;211;234;197
27.06.2017-08:00;211;234;196
27.06.2017-08:15;211;234;196
27.06.2017-08:30;212;234;195
27.06.2017-08:45;212;234;195
27.06.2017-09:00;211;234;194
27.06.2017-09:15;211;234;194
27.06.2017-09:30;211;234;194
27.06.2017-09:45;211;234;193
27.06.2017-10:00;211;234;193
27.06.2017-10:15;212;234;193
27.06.2017-10:30;213;234;192
27.06.2017-10:45;212;234;192
27.06.2017-11:00;213;234;191
27.06.2017-11:15;212;234;191
27.06.2017-11:30;212;234;190
27.06.2017-11:45;203;234;191
27.06.2017-12:00;205;234;190
27.06.2017-12:15;206;234;190
27.06.2017-12:30;207;234;190
27.06.2017-12:45;206;234;189
27.06.2017-13:00;207;234;189
27.06.2017-13:15;206;234;189
27.06.2017-13:30;205;234;189
27.06.2017-13:45;205;234;190
27.06.2017-14:00;205;234;191
27.06.2017-14:15;204;235;190
27.06.2017-14:30;204;235;190
27.06.2017-14:45;202;235;190
27.06.2017-15:00;201;235;190
27.06.2017-15:15;202;235;191
27.06.2017-15:30;201;235;190
27.06.2017-15:45;204;235;190
27.06.2017-16:00;202;235;190
27.06.2017-16:15;201;234;190
27.06.2017-16:30;201;234;191
27.06.2017-16:45;200;234;191
27.06.2017-17:00;199;234;191
27.06.2017-17:15;199;235;191
27.06.2017-17:30;199;235;192
27.06.2017-17:45;198;235;192
27.06.2017-18:00;199;235;192
27.06.2017-18:15;198;235;193
27.06.2017-18:30;198;235;193
27.06.2017-18:45;198;234;193
27.06.2017-19:00;197;234;193
27.06.2017-19:15;196;234;193
27.06.2017-19:30;198;234;194
27.06.2017-19:45;197;234;194
27.06.2017-20:00;197;234;194
27.06.2017-20:15;198;234;194
27.06.2017-20:30;197;234;194
27.06.2017-20:45;197;235;195
27.06.2017-21:00;196;241;197
27.06.2017-21:15;196;245;199
27.06.2017-21:30;196;244;199
27.06.2017-21:45;197;242;199
27.06.2017-22:00;197;243;200
27.06.2017-22:15;197;243;201
27.06.2017-22:30;197;241;203
27.06.2017-22:45;197;239;203
27.06.2017-23:00;197;238;204
27.06.2017-23:15;197;238;206
27.06.2017-23:30;197;238;207
27.06.2017-23:45;196;238;207
27.06.2017-24:00;197;238;208
28.06.2017-00:15;197;237;207
28.06.2017-00:30;198;236;207
28.06.2017-00:45;198;236;207
28.06.2017-01:00;200;236;205
28.06.2017-01:15;200;236;205
28.06.2017-01:30;200;236;206
28.06.2017-01:45;201;236;204
28.06.2017-02:00;202;236;204
28.06.2017-02:15;202;238;204
28.06.2017-02:30;202;238;205
28.06.2017-02:45;202;238;205
28.06.2017-03:00;202;238;205
28.06.2017-03:15;203;238;204
28.06.2017-03:30;203;238;204
28.06.2017-03:45;204;238;204
28.06.2017-04:00;204;238;203
28.06.2017-04:15;204;238;203
28.06.2017-04:30;204;238;203
28.06.2017-04:45;204;238;202
28.06.2017-05:00;205;238;202
28.06.2017-05:15;205;238;202
28.06.2017-05:30;205;238;203
28.06.2017-05:45;205;238;203
28.06.2017-06:00;205;238;203
28.06.2017-06:15;205;238;203
28.06.2017-06:30;205;238;203
28.06.2017-06:45;205;238;204
28.06.2017-07:00;205;238;204
28.06.2017-07:15;205;238;203
28.06.2017-07:30;204;238;203
28.06.2017-07:45;204;238;203
28.06.2017-08:00;205;238;202
28.06.2017-08:15;205;238;201
28.06.2017-08:30;205;238;201
28.06.2017-08:45;205;238;200
28.06.2017-09:00;205;238;199
28.06.2017-09:15;205;238;199
28.06.2017-09:30;205;238;198
28.06.2017-09:45;205;239;198
28.06.2017-10:00;205;239;198
28.06.2017-10:15;205;239;198
28.06.2017-10:30;205;239;198
28.06.2017-10:45;205;239;198
28.06.2017-11:00;205;239;198
28.06.2017-11:15;205;240;198
28.06.2017-11:30;205;240;198
28.06.2017-11:45;205;240;198
28.06.2017-12:00;204;240;199
28.06.2017-12:15;205;240;199
28.06.2017-12:30;205;240;200
28.06.2017-12:45;204;241;200
28.06.2017-13:00;205;241;200
28.06.2017-13:15;205;241;201
28.06.2017-13:30;204;241;201
28.06.2017-13:45;204;241;200
28.06.2017-14:00;203;241;201
28.06.2017-14:15;203;241;201
28.06.2017-14:30;204;241;201
28.06.2017-14:45;202;241;200
28.06.2017-15:00;203;241;200
28.06.2017-15:15;203;241;200
28.06.2017-15:30;202;241;200
28.06.2017-15:45;202;241;200
28.06.2017-16:00;201;241;199
28.06.2017-16:15;200;241;199
28.06.2017-16:30;201;241;199
28.06.2017-16:45;201;241;199
28.06.2017-17:00;200;241;199
28.06.2017-17:15;201;241;199
28.06.2017-17:30;200;241;199
28.06.2017-17:45;200;241;200
28.06.2017-18:00;200;241;200
28.06.2017-18:15;199;241;200
28.06.2017-18:30;199;241;200
28.06.2017-18:45;199;241;200
28.06.2017-19:00;199;241;201
28.06.2017-19:15;199;241;201
28.06.2017-19:30;199;241;201
28.06.2017-19:45;199;241;200
28.06.2017-20:00;199;241;200
28.06.2017-20:15;199;241;200
28.06.2017-20:30;199;241;200
28.06.2017-20:45;199;241;199
28.06.2017-21:00;199;241;199
28.06.2017-21:15;199;241;199
28.06.2017-21:30;199;241;199
28.06.2017-21:45;200;241;199
28.06.2017-22:00;201;241;200
28.06.2017-22:15;201;241;200
28.06.2017-22:30;202;241;200
28.06.2017-22:45;202;241;200
28.06.2017-23:00;202;241;200
28.06.2017-23:15;202;241;200
28.06.2017-23:30;202;241;200
28.06.2017-23:45;202;241;200
28.06.2017-24:00;203;241;200
29.06.2017-00:15;203;241;200
29.06.2017-00:30;203;241;201
29.06.2017-00:45;203;241;201
29.06.2017-01:00;203;241;201
29.06.2017-01:15;203;241;201
29.06.2017-01:30;203;241;201
29.06.2017-01:45;203;241;201
29.06.2017-02:00;203;241;201
29.06.2017-02:15;203;241;202
29.06.2017-02:30;203;241;202
29.06.2017-02:45;203;241;202
29.06.2017-03:00;203;241;202
29.06.2017-03:15;203;241;202
29.06.2017-03:30;202;241;202
29.06.2017-03:45;202;241;202
29.06.2017-04:00;202;241;202
29.06.2017-04:15;202;241;202
29.06.2017-04:30;202;241;202
29.06.2017-04:45;202;241;202
29.06.2017-05:00;202;241;202
29.06.2017-05:15;202;241;202
29.06.2017-05:30;202;241;202
29.06.2017-05:45;201;241;202
29.06.2017-06:00;201;241;202
29.06.2017-06:15;201;241;202
29.06.2017-06:30;201;241;202
29.06.2017-06:45;201;241;202
29.06.2017-07:00;201;241;202
29.06.2017-07:15;201;241;201
29.06.2017-07:30;200;241;201
29.06.2017-07:45;200;241;201
29.06.2017-08:00;200;241;201
29.06.2017-08:15;200;241;201
29.06.2017-08:30;200;240;201
29.06.2017-08:45;200;240;200
29.06.2017-09:00;200;240;200
29.06.2017-09:15;200;240;200
29.06.2017-09:30;200;240;200
29.06.2017-09:45;200;240;200
29.06.2017-10:00;199;240;200
29.06.2017-10:15;200;240;200
29.06.2017-10:30;200;240;200
29.06.2017-10:45;199;240;200
29.06.2017-11:00;200;240;200
29.06.2017-11:15;199;240;200
29.06.2017-11:30;199;240;200
29.06.2017-11:45;200;240;200
29.06.2017-12:00;199;240;200
29.06.2017-12:15;199;240;200
29.06.2017-12:30;200;240;199
29.06.2017-12:45;199;240;199
29.06.2017-13:00;200;240;199
29.06.2017-13:15;201;240;199
29.06.2017-13:30;200;240;199
29.06.2017-13:45;201;240;199
29.06.2017-14:00;201;240;199
29.06.2017-14:15;200;240;199
29.06.2017-14:30;200;240;199
29.06.2017-14:45;200;240;199
29.06.2017-15:00;200;240;199
29.06.2017-15:15;200;240;199
29.06.2017-15:30;201;240;199
29.06.2017-15:45;206;240;198
29.06.2017-16:00;202;240;199
29.06.2017-16:15;202;240;199
29.06.2017-16:30;201;239;199
29.06.2017-16:45;202;239;199
29.06.2017-17:00;202;239;199
29.06.2017-17:15;203;239;199
29.06.2017-17:30;204;239;199
29.06.2017-17:45;203;239;199
29.06.2017-18:00;205;239;198
29.06.2017-18:15;203;239;198
29.06.2017-18:30;203;239;199
29.06.2017-18:45;202;239;199
29.06.2017-19:00;202;239;198
29.06.2017-19:15;201;239;198
29.06.2017-19:30;202;239;198
29.06.2017-19:45;201;239;199
29.06.2017-20:00;202;239;198
29.06.2017-20:15;202;239;198
29.06.2017-20:30;202;239;198
29.06.2017-20:45;202;239;199
29.06.2017-21:00;202;239;198
29.06.2017-21:15;202;239;198
29.06.2017-21:30;202;239;198
29.06.2017-21:45;203;239;198
29.06.2017-22:00;202;239;197
29.06.2017-22:15;202;239;197
29.06.2017-22:30;202;239;197
29.06.2017-22:45;203;239;197
29.06.2017-23:00;203;239;197
29.06.2017-23:15;204;238;197
29.06.2017-23:30;203;238;196
29.06.2017-23:45;203;238;196
29.06.2017-24:00;203;238;196
30.06.2017-00:15;203;238;196
30.06.2017-00:30;203;238;196
30.06.2017-00:45;203;238;197
30.06.2017-01:00;203;238;197
30.06.2017-01:15;204;238;197
30.06.2017-01:30;204;238;197
30.06.2017-01:45;204;238;197
30.06.2017-02:00;204;238;197
30.06.2017-02:15;204;238;197
30.06.2017-02:30;204;238;197
30.06.2017-02:45;204;238;197
30.06.2017-03:00;204;238;197
30.06.2017-03:15;205;238;197
30.06.2017-03:30;205;238;197
30.06.2017-03:45;205;238;198
30.06.2017-04:00;206;238;198
30.06.2017-04:15;206;238;198
30.06.2017-04:30;207;238;198
30.06.2017-04:45;206;238;198
30.06.2017-05:00;206;238;198
30.06.2017-05:15;206;238;198
30.06.2017-05:30;207;238;198
30.06.2017-05:45;207;238;198
30.06.2017-06:00;207;238;198
30.06.2017-06:15;208;238;198
30.06.2017-06:30;208;238;198
30.06.2017-06:45;208;238;198
30.06.2017-07:00;208;238;199
30.06.2017-07:15;208;238;199
30.06.2017-07:30;208;238;199
30.06.2017-07:45;208;238;199
30.06.2017-08:00;208;238;199
30.06.2017-08:15;208;238;199
30.06.2017-08:30;208;238;199
30.06.2017-08:45;209;238;199
30.06.2017-09:00;208;238;199
30.06.2017-09:15;208;238;199
30.06.2017-09:30;208;238;199
30.06.2017-09:45;209;238;199
30.06.2017-10:00;211;238;199
30.06.2017-10:15;213;238;199
30.06.2017-10:30;209;238;199
30.06.2017-10:45;209;238;199
30.06.2017-11:00;206;238;199
30.06.2017-11:15;207;238;199
30.06.2017-11:30;207;238;199
30.06.2017-11:45;210;238;198
30.06.2017-12:00;207;239;198
30.06.2017-12:15;210;240;198
30.06.2017-12:30;208;240;198
30.06.2017-12:45;206;240;198
30.06.2017-13:00;206;239;198
30.06.2017-13:15;205;239;198
30.06.2017-13:30;204;239;198
30.06.2017-13:45;205;238;198
30.06.2017-14:00;206;236;198
30.06.2017-14:15;204;236;198
30.06.2017-14:30;206;235;198
30.06.2017-14:45;204;235;198
30.06.2017-15:00;204;235;198
30.06.2017-15:15;204;235;197
30.06.2017-15:30;204;235;197
30.06.2017-15:45;208;235;196
30.06.2017-16:00;203;235;196
30.06.2017-16:15;203;235;196
30.06.2017-16:30;201;235;195
30.06.2017-16:45;202;235;195
30.06.2017-17:00;201;235;195
30.06.2017-17:15;204;235;195
30.06.2017-17:30;202;235;194
30.06.2017-17:45;203;235;194
30.06.2017-18:00;203;235;194
30.06.2017-18:15;201;235;194
30.06.2017-18:30;201;235;194
30.06.2017-18:45;200;235;193
30.06.2017-19:00;200;236;194
30.06.2017-19:15;199;236;194
30.06.2017-19:30;200;236;194
30.06.2017-19:45;199;236;193
30.06.2017-20:00;201;236;193
30.06.2017-20:15;199;237;194
30.06.2017-20:30;200;238;194
30.06.2017-20:45;199;238;194
30.06.2017-21:00;198;238;194
30.06.2017-21:15;197;238;194
30.06.2017-21:30;198;238;194
30.06.2017-21:45;199;238;194
30.06.2017-22:00;199;238;195
30.06.2017-22:15;200;238;195
30.06.2017-22:30;200;238;194
30.06.2017-22:45;200;238;195
30.06.2017-23:00;199;238;196
30.06.2017-23:15;199;238;196
30.06.2017-23:30;199;238;196
30.06.2017-23:45;200;238;197
30.06.2017-24:00;200;238;197
01.07.2017-00:15;201;238;197
01.07.2017-00:30;202;238;197
01.07.2017-00:45;202;238;197
01.07.2017-01:00;202;238;198
01.07.2017-01:15;202;238;198
01.07.2017-01:30;202;238;198
01.07.2017-01:45;202;238;198
01.07.2017-02:00;203;238;198
01.07.2017-02:15;204;238;197
01.07.2017-02:30;205;238;197
01.07.2017-02:45;205;238;197
01.07.2017-03:00;205;238;197
01.07.2017-03:15;205;238;197
01.07.2017-03:30;205;238;197
01.07.2017-03:45;205;238;197
01.07.2017-04:00;205;238;197
01.07.2017-04:15;205;238;197
01.07.2017-04:30;205;238;197
01.07.2017-04:45;206;237;197
01.07.2017-05:00;206;236;197
01.07.2017-05:15;205;236;197
01.07.2017-05:30;205;236;197
01.07.2017-05:45;205;236;197
01.07.2017-06:00;205;236;197
01.07.2017-06:15;205;236;197
01.07.2017-06:30;205;236;197
01.07.2017-06:45;205;236;197
01.07.2017-07:00;205;236;197
01.07.2017-07:15;205;236;197
01.07.2017-07:30;206;236;197
01.07.2017-07:45;205;236;197
01.07.2017-08:00;205;236;196
01.07.2017-08:15;206;236;196
01.07.2017-08:30;205;236;196
01.07.2017-08:45;205;236;196
01.07.2017-09:00;205;236;196
01.07.2017-09:15;205;236;196
01.07.2017-09:30;206;237;197
01.07.2017-09:45;206;238;197
01.07.2017-10:00;206;238;197
01.07.2017-10:15;211;238;197
01.07.2017-10:30;205;238;197
01.07.2017-10:45;206;238;197
01.07.2017-11:00;204;238;197
01.07.2017-11:15;205;238;198
01.07.2017-11:30;204;238;198
01.07.2017-11:45;207;238;198
01.07.2017-12:00;206;238;198
01.07.2017-12:15;207;238;198
01.07.2017-12:30;207;238;198
01.07.2017-12:45;206;236;198
01.07.2017-13:00;206;236;199
01.07.2017-13:15;204;236;199
01.07.2017-13:30;205;236;199
01.07.2017-13:45;205;236;198
01.07.2017-14:00;207;236;198
01.07.2017-14:15;206;237;198
01.07.2017-14:30;208;238;198
01.07.2017-14:45;206;238;198
01.07.2017-15:00;207;238;197
01.07.2017-15:15;206;239;197
01.07.2017-15:30;206;239;198
01.07.2017-15:45;206;239;197
01.07.2017-16:00;207;239;197
01.07.2017-16:15;209;239;197
01.07.2017-16:30;209;239;197
01.07.2017-16:45;214;239;197
01.07.2017-17:00;207;239;197
01.07.2017-17:15;209;239;197
01.07.2017-17:30;201;239;196
01.07.2017-17:45;199;239;197
01.07.2017-18:00;198;239;197
01.07.2017-18:15;203;239;197
01.07.2017-18:30;201;239;197
01.07.2017-18:45;203;239;197
01.07.2017-19:00;202;238;197
01.07.2017-19:15;201;238;197
01.07.2017-19:30;207;238;197
01.07.2017-19:45;210;238;197
01.07.2017-20:00;211;238;197
01.07.2017-20:15;211;238;197
01.07.2017-20:30;211;238;197
01.07.2017-20:45;211;238;197
01.07.2017-21:00;211;238;196
01.07.2017-21:15;210;238;196
01.07.2017-21:30;209;238;196
01.07.2017-21:45;209;238;196
01.07.2017-22:00;209;238;196
01.07.2017-22:15;207;238;196
01.07.2017-22:30;208;238;196
01.07.2017-22:45;208;238;196
01.07.2017-23:00;206;238;196
01.07.2017-23:15;205;238;197
01.07.2017-23:30;205;238;198
01.07.2017-23:45;205;238;198
01.07.2017-24:00;205;238;198
02.07.2017-00:15;206;238;198
02.07.2017-00:30;205;238;199
02.07.2017-00:45;205;238;199
02.07.2017-01:00;205;238;199
02.07.2017-01:15;204;238;198
02.07.2017-01:30;204;238;198
02.07.2017-01:45;204;238;199
02.07.2017-02:00;204;238;198
02.07.2017-02:15;204;238;198
02.07.2017-02:30;205;237;198
02.07.2017-02:45;205;236;198
02.07.2017-03:00;205;236;198
02.07.2017-03:15;205;236;197
02.07.2017-03:30;205;236;197
02.07.2017-03:45;204;236;197
02.07.2017-04:00;205;236;197
02.07.2017-04:15;205;236;197
02.07.2017-04:30;205;236;197
02.07.2017-04:45;205;236;196
02.07.2017-05:00;205;236;196
02.07.2017-05:15;205;236;196
02.07.2017-05:30;205;236;195
02.07.2017-05:45;205;236;195
02.07.2017-06:00;205;236;196
02.07.2017-06:15;205;236;197
02.07.2017-06:30;205;236;196
02.07.2017-06:45;206;236;196
02.07.2017-07:00;206;236;196
02.07.2017-07:15;206;236;197
02.07.2017-07:30;206;236;197
02.07.2017-07:45;206;236;197
02.07.2017-08:00;206;236;197
02.07.2017-08:15;206;236;197
02.07.2017-08:30;206;236;198
02.07.2017-08:45;206;236;197
02.07.2017-09:00;206;236;197
02.07.2017-09:15;206;236;197
02.07.2017-09:30;206;236;197
02.07.2017-09:45;206;236;197
02.07.2017-10:00;206;235;197
02.07.2017-10:15;206;236;197
02.07.2017-10:30;206;236;197
02.07.2017-10:45;206;236;197
02.07.2017-11:00;207;236;197
02.07.2017-11:15;206;236;197
02.07.2017-11:30;206;236;197
02.07.2017-11:45;206;236;197
02.07.2017-12:00;205;236;197
02.07.2017-12:15;206;236;197
02.07.2017-12:30;205;236;197
02.07.2017-12:45;205;236;197
02.07.2017-13:00;206;236;197
02.07.2017-13:15;205;236;197
02.07.2017-13:30;205;236;197
02.07.2017-13:45;205;236;197
02.07.2017-14:00;204;236;196
02.07.2017-14:15;204;236;197
02.07.2017-14:30;204;236;197
02.07.2017-14:45;204;236;197
02.07.2017-15:00;204;236;196
02.07.2017-15:15;203;236;196
02.07.2017-15:30;204;236;196
02.07.2017-15:45;203;236;196
02.07.2017-16:00;203;236;196
02.07.2017-16:15;202;236;196
02.07.2017-16:30;203;236;196
02.07.2017-16:45;203;236;196
02.07.2017-17:00;202;236;196
02.07.2017-17:15;202;236;196
02.07.2017-17:30;202;236;196
02.07.2017-17:45;202;236;195
02.07.2017-18:00;202;236;195
02.07.2017-18:15;202;236;195
02.07.2017-18:30;202;236;195
02.07.2017-18:45;202;236;195
02.07.2017-19:00;202;236;195
02.07.2017-19:15;202;236;195
02.07.2017-19:30;202;235;195
02.07.2017-19:45;201;235;195
02.07.2017-20:00;201;235;195
02.07.2017-20:15;201;235;195
02.07.2017-20:30;200;235;195
02.07.2017-20:45;200;235;195
02.07.2017-21:00;201;235;195
02.07.2017-21:15;201;235;195
02.07.2017-21:30;201;235;195
02.07.2017-21:45;201;235;195
02.07.2017-22:00;201;235;195
02.07.2017-22:15;201;235;195
02.07.2017-22:30;200;235;195
02.07.2017-22:45;200;235;195
02.07.2017-23:00;200;235;195
02.07.2017-23:15;201;235;195
02.07.2017-23:30;201;235;195
02.07.2017-23:45;201;235;195
02.07.2017-24:00;201;235;195
03.07.2017-00:15;201;235;194
03.07.2017-00:30;200;235;194
03.07.2017-00:45;201;235;194
03.07.2017-01:00;200;235;195
03.07.2017-01:15;200;235;195
03.07.2017-01:30;201;235;194
03.07.2017-01:45;201;235;194
03.07.2017-02:00;201;235;194
03.07.2017-02:15;201;235;194
03.07.2017-02:30;201;235;194
03.07.2017-02:45;201;235;194
03.07.2017-03:00;201;235;194
03.07.2017-03:15;201;235;194
03.07.2017-03:30;202;235;194
03.07.2017-03:45;202;235;194
03.07.2017-04:00;202;235;193
03.07.2017-04:15;203;235;193
03.07.2017-04:30;203;235;193
03.07.2017-04:45;203;235;194
03.07.2017-05:00;203;235;195
03.07.2017-05:15;203;236;195
03.07.2017-05:30;203;236;195
03.07.2017-05:45;203;236;196
03.07.2017-06:00;204;236;196
03.07.2017-06:15;204;236;196
03.07.2017-06:30;204;236;196
03.07.2017-06:45;204;236;196
03.07.2017-07:00;204;236;197
03.07.2017-07:15;204;236;197
03.07.2017-07:30;204;236;197
03.07.2017-07:45;204;235;197
03.07.2017-08:00;205;235;198
03.07.2017-08:15;204;235;198
03.07.2017-08:30;205;235;198
03.07.2017-08:45;205;235;199
03.07.2017-09:00;205;235;199
03.07.2017-09:15;205;235;199
03.07.2017-09:30;206;235;199
03.07.2017-09:45;210;235;199
03.07.2017-10:00;206;235;199
03.07.2017-10:15;207;235;199
03.07.2017-10:30;205;235;198
03.07.2017-10:45;207;235;199
03.07.2017-11:00;205;235;199
03.07.2017-11:15;204;235;199
03.07.2017-11:30;201;235;198
03.07.2017-11:45;205;235;198
03.07.2017-12:00;202;235;199
03.07.2017-12:15;199;235;199
03.07.2017-12:30;206;235;198
03.07.2017-12:45;198;235;198
03.07.2017-13:00;199;235;199
03.07.2017-13:15;197;236;199
03.07.2017-13:30;206;236;198
03.07.2017-13:45;207;236;198
03.07.2017-14:00;200;236;198
03.07.2017-14:15;204;236;198
03.07.2017-14:30;204;236;199
03.07.2017-14:45;203;236;198
03.07.2017-15:00;205;236;198
03.07.2017-15:15;205;236;198
03.07.2017-15:30;203;236;199
03.07.2017-15:45;205;236;198
03.07.2017-16:00;205;236;198
03.07.2017-16:15;199;236;198
03.07.2017-16:30;199;236;199
03.07.2017-16:45;200;236;198
03.07.2017-17:00;199;237;198
03.07.2017-17:15;200;238;199
03.07.2017-17:30;205;238;199
03.07.2017-17:45;207;236;199
03.07.2017-18:00;207;236;198
03.07.2017-18:15;205;236;199
03.07.2017-18:30;200;236;199
03.07.2017-18:45;200;236;199
03.07.2017-19:00;200;236;199
03.07.2017-19:15;200;236;199
03.07.2017-19:30;200;236;199
03.07.2017-19:45;200;236;199
03.07.2017-20:00;200;236;199
03.07.2017-20:15;200;236;199
03.07.2017-20:30;203;236;199
03.07.2017-20:45;205;236;199
03.07.2017-21:00;208;237;199
03.07.2017-21:15;208;238;199
03.07.2017-21:30;204;238;199
03.07.2017-21:45;203;238;199
03.07.2017-22:00;203;238;199
03.07.2017-22:15;203;238;199
03.07.2017-22:30;204;238;199
03.07.2017-22:45;204;238;199
03.07.2017-23:00;203;238;199
03.07.2017-23:15;203;238;200
03.07.2017-23:30;204;238;200
03.07.2017-23:45;207;238;200
03.07.2017-24:00;211;238;200
04.07.2017-00:15;210;238;200
04.07.2017-00:30;209;239;200
04.07.2017-00:45;205;239;200
04.07.2017-01:00;204;239;200
04.07.2017-01:15;203;239;200
04.07.2017-01:30;203;239;200
04.07.2017-01:45;203;239;201
04.07.2017-02:00;203;239;201
04.07.2017-02:15;203;239;201
04.07.2017-02:30;203;239;201
04.07.2017-02:45;206;239;201
04.07.2017-03:00;209;239;201
04.07.2017-03:15;203;239;201
04.07.2017-03:30;202;239;201
04.07.2017-03:45;202;239;201
04.07.2017-04:00;203;239;200
04.07.2017-04:15;203;239;200
04.07.2017-04:30;204;238;200
04.07.2017-04:45;210;238;200
04.07.2017-05:00;210;238;199
04.07.2017-05:15;209;238;199
04.07.2017-05:30;203;238;199
04.07.2017-05:45;203;238;198
04.07.2017-06:00;203;238;198
04.07.2017-06:15;203;238;198
04.07.2017-06:30;203;238;198
04.07.2017-06:45;203;238;197
04.07.2017-07:00;203;238;197
04.07.2017-07:15;210;238;197
04.07.2017-07:30;205;238;197
04.07.2017-07:45;203;238;197
04.07.2017-08:00;203;237;197
04.07.2017-08:15;203;236;197
04.07.2017-08:30;203;236;197
04.07.2017-08:45;207;236;197
04.07.2017-09:00;203;236;196
04.07.2017-09:15;203;236;196
04.07.2017-09:30;203;236;196
04.07.2017-09:45;203;235;196
04.07.2017-10:00;207;234;196
04.07.2017-10:15;203;234;196
04.07.2017-10:30;203;234;196
04.07.2017-10:45;203;234;196
04.07.2017-11:00;203;235;196
04.07.2017-11:15;202;235;196
04.07.2017-11:30;202;235;195
04.07.2017-11:45;204;235;195
04.07.2017-12:00;208;235;195
04.07.2017-12:15;206;235;195
04.07.2017-12:30;202;235;195
04.07.2017-12:45;202;236;195
04.07.2017-13:00;206;236;195
04.07.2017-13:15;199;236;195
04.07.2017-13:30;201;236;195
04.07.2017-13:45;204;236;195
04.07.2017-14:00;205;236;195
04.07.2017-14:15;204;237;195
04.07.2017-14:30;209;238;195
04.07.2017-14:45;205;238;195
04.07.2017-15:00;214;238;195
04.07.2017-15:15;211;238;195
04.07.2017-15:30;210;238;195
04.07.2017-15:45;207;238;196
04.07.2017-16:00;204;238;196
04.07.2017-16:15;203;238;196
04.07.2017-16:30;203;236;196
04.07.2017-16:45;204;234;196
04.07.2017-17:00;203;234;196
04.07.2017-17:15;203;234;197
04.07.2017-17:30;203;234;197
04.07.2017-17:45;203;234;197
04.07.2017-18:00;203;235;197
04.07.2017-18:15;203;235;197
04.07.2017-18:30;202;235;197
04.07.2017-18:45;202;235;197
04.07.2017-19:00;202;235;197
04.07.2017-19:15;202;235;197
04.07.2017-19:30;202;235;196
04.07.2017-19:45;202;235;196
04.07.2017-20:00;202;235;196
04.07.2017-20:15;202;235;196
04.07.2017-20:30;202;235;196
04.07.2017-20:45;202;235;196
04.07.2017-21:00;202;235;196
04.07.2017-21:15;202;235;196
04.07.2017-21:30;202;235;196
04.07.2017-21:45;202;235;196
04.07.2017-22:00;201;235;196
04.07.2017-22:15;201;235;196
04.07.2017-22:30;202;235;196
04.07.2017-22:45;202;235;196
04.07.2017-23:00;202;235;196
04.07.2017-23:15;209;235;196
04.07.2017-23:30;209;235;196
04.07.2017-23:45;208;235;196
04.07.2017-24:00;207;235;196
05.07.2017-00:15;207;235;195
05.07.2017-00:30;206;235;195
05.07.2017-00:45;206;235;195
05.07.2017-01:00;206;235;195
05.07.2017-01:15;203;235;195
05.07.2017-01:30;202;235;195
05.07.2017-01:45;202;235;195
05.07.2017-02:00;202;235;195
05.07.2017-02:15;201;235;195
05.07.2017-02:30;201;235;195
05.07.2017-02:45;201;235;195
05.07.2017-03:00;201;235;195
05.07.2017-03:15;201;235;195
05.07.2017-03:30;201;235;195
05.07.2017-03:45;202;235;195
05.07.2017-04:00;202;235;195
05.07.2017-04:15;202;235;195
05.07.2017-04:30;202;235;195
05.07.2017-04:45;201;235;195
05.07.2017-05:00;205;235;195
05.07.2017-05:15;208;235;194
05.07.2017-05:30;207;235;194
05.07.2017-05:45;207;235;194
05.07.2017-06:00;207;235;194
05.07.2017-06:15;201;235;194
05.07.2017-06:30;201;235;194
05.07.2017-06:45;201;235;194
05.07.2017-07:00;201;235;194
05.07.2017-07:15;201;235;194
05.07.2017-07:30;201;235;194
05.07.2017-07:45;201;235;194
05.07.2017-08:00;201;235;193
05.07.2017-08:15;201;234;193
05.07.2017-08:30;202;234;193
05.07.2017-08:45;202;234;193
05.07.2017-09:00;202;234;193
05.07.2017-09:15;202;234;195
05.07.2017-09:30;201;234;196
05.07.2017-09:45;201;234;197
05.07.2017-10:00;202;234;196
05.07.2017-10:15;206;235;196
05.07.2017-10:30;208;235;199
05.07.2017-10:45;207;234;199
05.07.2017-11:00;208;235;200
05.07.2017-11:15;207;235;199
05.07.2017-11:30;207;235;200
05.07.2017-11:45;202;235;201
05.07.2017-12:00;201;235;201
05.07.2017-12:15;203;235;201
05.07.2017-12:30;202;235;202
05.07.2017-12:45;202;235;202
05.07.2017-13:00;202;234;202
05.07.2017-13:15;203;234;202
05.07.2017-13:30;202;234;203
05.07.2017-13:45;203;234;203
05.07.2017-14:00;203;234;203
05.07.2017-14:15;201;234;203
05.07.2017-14:30;200;234;204
05.07.2017-14:45;201;234;204
05.07.2017-15:00;195;234;204
05.07.2017-15:15;200;234;204
05.07.2017-15:30;199;234;204
05.07.2017-15:45;202;234;204
05.07.2017-16:00;201;234;204
05.07.2017-16:15;201;234;204
05.07.2017-16:30;200;234;204
05.07.2017-16:45;199;234;204
05.07.2017-17:00;199;234;204
05.07.2017-17:15;198;234;204
05.07.2017-17:30;198;234;204
05.07.2017-17:45;198;234;204
05.07.2017-18:00;198;234;204
05.07.2017-18:15;198;234;204
05.07.2017-18:30;198;234;205
05.07.2017-18:45;198;234;204
05.07.2017-19:00;198;234;204
05.07.2017-19:15;198;234;204
05.07.2017-19:30;198;234;204
05.07.2017-19:45;198;234;203
05.07.2017-20:00;198;234;204
05.07.2017-20:15;198;234;204
05.07.2017-20:30;198;234;204
05.07.2017-20:45;199;234;203
05.07.2017-21:00;200;234;204
05.07.2017-21:15;200;234;204
05.07.2017-21:30;200;234;204
05.07.2017-21:45;200;234;203
05.07.2017-22:00;200;234;204
05.07.2017-22:15;200;234;204
05.07.2017-22:30;201;234;202
05.07.2017-22:45;203;234;202
05.07.2017-23:00;204;234;201
05.07.2017-23:15;204;234;200
05.07.2017-23:30;204;234;198
05.07.2017-23:45;203;234;198
05.07.2017-24:00;203;234;199
06.07.2017-00:15;206;234;199
06.07.2017-00:30;210;234;200
06.07.2017-00:45;204;234;200
06.07.2017-01:00;205;234;200
06.07.2017-01:15;205;234;200
06.07.2017-01:30;205;234;201
06.07.2017-01:45;205;234;201
06.07.2017-02:00;204;234;202
06.07.2017-02:15;204;234;202
06.07.2017-02:30;204;235;202
06.07.2017-02:45;204;235;203
06.07.2017-03:00;204;235;203
06.07.2017-03:15;205;235;203
06.07.2017-03:30;205;235;203
06.07.2017-03:45;205;234;203
06.07.2017-04:00;209;234;203
06.07.2017-04:15;205;234;202
06.07.2017-04:30;205;234;201
06.07.2017-04:45;205;234;201
06.07.2017-05:00;205;234;200
06.07.2017-05:15;205;234;200
06.07.2017-05:30;206;234;199
06.07.2017-05:45;206;234;199
06.07.2017-06:00;208;234;199
06.07.2017-06:15;206;234;199
06.07.2017-06:30;205;234;198
06.07.2017-06:45;205;234;198
06.07.2017-07:00;205;234;198
06.07.2017-07:15;206;234;198
06.07.2017-07:30;208;234;199
06.07.2017-07:45;213;234;199
06.07.2017-08:00;212;234;199
06.07.2017-08:15;211;234;199
06.07.2017-08:30;211;234;200
06.07.2017-08:45;211;234;200
06.07.2017-09:00;211;234;200
06.07.2017-09:15;210;234;200
06.07.2017-09:30;209;234;198
06.07.2017-09:45;205;234;196
06.07.2017-10:00;206;234;196
06.07.2017-10:15;205;234;194
06.07.2017-10:30;206;234;196
06.07.2017-10:45;205;235;197
06.07.2017-11:00;206;235;198
06.07.2017-11:15;205;234;197
06.07.2017-11:30;205;234;198
06.07.2017-11:45;205;234;198
06.07.2017-12:00;204;234;198
06.07.2017-12:15;205;234;199
06.07.2017-12:30;204;234;199
06.07.2017-12:45;204;234;199
06.07.2017-13:00;203;234;198
06.07.2017-13:15;204;234;197
06.07.2017-13:30;204;234;197
06.07.2017-13:45;204;234;198
06.07.2017-14:00;203;234;198
06.07.2017-14:15;202;234;197
06.07.2017-14:30;203;234;197
06.07.2017-14:45;202;234;197
06.07.2017-15:00;203;234;198
06.07.2017-15:15;204;234;197
06.07.2017-15:30;203;234;197
06.07.2017-15:45;203;234;197
06.07.2017-16:00;208;234;197
06.07.2017-16:15;205;234;197
06.07.2017-16:30;208;235;197
06.07.2017-16:45;199;235;196
06.07.2017-17:00;208;235;197
06.07.2017-17:15;210;235;198
06.07.2017-17:30;212;234;198
06.07.2017-17:45;214;234;197
06.07.2017-18:00;213;234;198
06.07.2017-18:15;213;234;199
06.07.2017-18:30;207;234;199
06.07.2017-18:45;211;234;199
06.07.2017-19:00;206;234;199
06.07.2017-19:15;208;234;199
06.07.2017-19:30;209;234;200
06.07.2017-19:45;212;234;200
06.07.2017-20:00;211;234;200
06.07.2017-20:15;213;234;200
06.07.2017-20:30;211;234;200
06.07.2017-20:45;209;234;200
06.07.2017-21:00;210;234;200
06.07.2017-21:15;207;234;200
06.07.2017-21:30;207;234;201
06.07.2017-21:45;205;234;201
06.07.2017-22:00;210;234;201
06.07.2017-22:15;207;234;201
06.07.2017-22:30;199;234;201
06.07.2017-22:45;209;234;201
06.07.2017-23:00;209;234;201
06.07.2017-23:15;205;234;201
06.07.2017-23:30;209;234;201
06.07.2017-23:45;209;234;203
06.07.2017-24:00;206;234;203
07.07.2017-00:15;203;234;203
07.07.2017-00:30;208;234;203
07.07.2017-00:45;208;234;203
07.07.2017-01:00;217;234;203
07.07.2017-01:15;205;234;202
07.07.2017-01:30;212;235;201
07.07.2017-01:45;212;235;200
07.07.2017-02:00;213;235;199
07.07.2017-02:15;211;235;199
07.07.2017-02:30;210;234;198
07.07.2017-02:45;209;234;197
07.07.2017-03:00;209;234;196
07.07.2017-03:15;215;234;195
07.07.2017-03:30;211;234;195
07.07.2017-03:45;216;235;194
07.07.2017-04:00;214;235;194
07.07.2017-04:15;210;235;195
07.07.2017-04:30;216;234;194
07.07.2017-04:45;217;234;194
07.07.2017-05:00;211;234;194
07.07.2017-05:15;205;234;194
07.07.2017-05:30;211;234;194
07.07.2017-05:45;210;235;193
07.07.2017-06:00;211;236;193
07.07.2017-06:15;213;236;193
07.07.2017-06:30;211;235;194
07.07.2017-06:45;211;235;193
07.07.2017-07:00;210;235;193
07.07.2017-07:15;208;234;192
07.07.2017-07:30;208;234;193
07.07.2017-07:45;204;234;192
07.07.2017-08:00;208;234;192
07.07.2017-08:15;207;234;194
07.07.2017-08:30;208;234;195
07.07.2017-08:45;202;234;195
07.07.2017-09:00;209;234;196
07.07.2017-09:15;208;234;197
07.07.2017-09:30;213;234;197
07.07.2017-09:45;202;234;196
07.07.2017-10:00;204;234;197
07.07.2017-10:15;206;234;198
07.07.2017-10:30;206;234;199
07.07.2017-10:45;201;234;198
07.07.2017-11:00;200;234;199
07.07.2017-11:15;207;234;199
07.07.2017-11:30;211;234;198
07.07.2017-11:45;208;234;199
07.07.2017-12:00;205;234;200
07.07.2017-12:15;195;234;200
07.07.2017-12:30;204;234;200
07.07.2017-12:45;206;234;200
07.07.2017-13:00;211;234;200
07.07.2017-13:15;207;234;200
07.07.2017-13:30;206;234;200
07.07.2017-13:45;207;234;200
07.07.2017-14:00;206;234;201
07.07.2017-14:15;206;234;201
07.07.2017-14:30;208;234;201
07.07.2017-14:45;206;234;201
07.07.2017-15:00;206;235;201
07.07.2017-15:15;204;234;201
07.07.2017-15:30;204;234;201
07.07.2017-15:45;204;234;201
07.07.2017-16:00;204;234;200
07.07.2017-16:15;205;234;200
07.07.2017-16:30;204;234;200
07.07.2017-16:45;203;234;199
07.07.2017-17:00;202;234;200
07.07.2017-17:15;207;234;200
07.07.2017-17:30;207;234;200
07.07.2017-17:45;199;234;200
07.07.2017-18:00;199;234;200
07.07.2017-18:15;202;234;200
07.07.2017-18:30;199;234;200
07.07.2017-18:45;206;234;200
07.07.2017-19:00;208;234;200
07.07.2017-19:15;202;234;200
07.07.2017-19:30;191;234;200
07.07.2017-19:45;203;234;200
07.07.2017-20:00;203;234;200
07.07.2017-20:15;208;234;200
07.07.2017-20:30;199;234;200
07.07.2017-20:45;204;234;200
07.07.2017-21:00;210;234;200
07.07.2017-21:15;208;234;200
07.07.2017-21:30;206;234;200
07.07.2017-21:45;208;235;200
07.07.2017-22:00;208;235;200
07.07.2017-22:15;207;235;200
07.07.2017-22:30;210;235;201
07.07.2017-22:45;211;235;201
07.07.2017-23:00;209;235;201
07.07.2017-23:15;213;235;201
07.07.2017-23:30;210;235;201
07.07.2017-23:45;210;235;201
07.07.2017-24:00;211;235;201
08.07.2017-00:15;211;235;201
08.07.2017-00:30;211;235;201
08.07.2017-00:45;214;236;201
08.07.2017-01:00;213;235;201
08.07.2017-01:15;213;235;201
08.07.2017-01:30;215;235;201
08.07.2017-01:45;214;235;201
08.07.2017-02:00;213;235;201
08.07.2017-02:15;214;235;201
08.07.2017-02:30;214;236;201
08.07.2017-02:45;214;236;201
08.07.2017-03:00;217;236;201
08.07.2017-03:15;216;235;201
08.07.2017-03:30;216;235;201
08.07.2017-03:45;217;235;201
08.07.2017-04:00;217;235;201
08.07.2017-04:15;217;235;201
08.07.2017-04:30;218;235;201
08.07.2017-04:45;218;235;201
08.07.2017-05:00;218;234;201
08.07.2017-05:15;219;235;201
08.07.2017-05:30;222;235;201
08.07.2017-05:45;219;235;201
08.07.2017-06:00;211;235;201
08.07.2017-06:15;216;235;201
08.07.2017-06:30;217;235;200
08.07.2017-06:45;217;235;200
08.07.2017-07:00;218;235;200
08.07.2017-07:15;218;235;200
08.07.2017-07:30;215;235;200
08.07.2017-07:45;219;235;201
08.07.2017-08:00;214;235;201
08.07.2017-08:15;216;235;197
08.07.2017-08:30;215;235;198
08.07.2017-08:45;217;235;200
08.07.2017-09:00;216;235;201
08.07.2017-09:15;218;235;200
08.07.2017-09:30;217;235;200
08.07.2017-09:45;217;235;201
08.07.2017-10:00;222;235;202
08.07.2017-10:15;210;235;201
08.07.2017-10:30;219;234;201
08.07.2017-10:45;218;235;202
08.07.2017-11:00;214;235;203
08.07.2017-11:15;212;235;203
08.07.2017-11:30;218;235;202
08.07.2017-11:45;215;235;202
08.07.2017-12:00;211;235;202
08.07.2017-12:15;218;235;202
08.07.2017-12:30;214;235;202
08.07.2017-12:45;212;235;202
08.07.2017-13:00;212;235;202
08.07.2017-13:15;216;235;202
08.07.2017-13:30;209;235;202
08.07.2017-13:45;216;235;201
08.07.2017-14:00;212;235;201
08.07.2017-14:15;213;235;201
08.07.2017-14:30;217;235;201
08.07.2017-14:45;217;235;201
08.07.2017-15:00;212;235;201
08.07.2017-15:15;201;235;201
08.07.2017-15:30;214;235;199
08.07.2017-15:45;209;235;200
08.07.2017-16:00;211;235;199
08.07.2017-16:15;201;235;199
08.07.2017-16:30;215;235;197
08.07.2017-16:45;215;235;198
08.07.2017-17:00;216;235;199
08.07.2017-17:15;212;235;199
08.07.2017-17:30;208;235;199
08.07.2017-17:45;211;235;197
08.07.2017-18:00;207;235;199
08.07.2017-18:15;206;235;200
08.07.2017-18:30;211;235;200
08.07.2017-18:45;209;234;199
08.07.2017-19:00;211;235;200
08.07.2017-19:15;212;235;200
08.07.2017-19:30;210;235;201
08.07.2017-19:45;213;234;201
08.07.2017-20:00;211;234;200
08.07.2017-20:15;200;234;201
08.07.2017-20:30;207;234;201
08.07.2017-20:45;210;234;201
08.07.2017-21:00;208;234;201
08.07.2017-21:15;211;234;201
08.07.2017-21:30;213;234;202
08.07.2017-21:45;215;235;202
08.07.2017-22:00;212;235;202
08.07.2017-22:15;208;235;202
08.07.2017-22:30;208;234;202
08.07.2017-22:45;208;234;202
08.07.2017-23:00;209;234;202
08.07.2017-23:15;206;234;202
08.07.2017-23:30;211;234;202
08.07.2017-23:45;211;234;202
08.07.2017-24:00;209;234;202
09.07.2017-00:15;210;234;202
09.07.2017-00:30;209;234;202
09.07.2017-00:45;207;234;202
09.07.2017-01:00;209;234;202
09.07.2017-01:15;208;234;202
09.07.2017-01:30;207;234;202
09.07.2017-01:45;209;234;202
09.07.2017-02:00;209;234;202
09.07.2017-02:15;209;234;202
09.07.2017-02:30;209;234;202
09.07.2017-02:45;209;234;202
09.07.2017-03:00;208;234;202
09.07.2017-03:15;208;234;202
09.07.2017-03:30;208;234;202
09.07.2017-03:45;208;234;202
09.07.2017-04:00;210;234;202
09.07.2017-04:15;210;234;202
09.07.2017-04:30;211;234;202
09.07.2017-04:45;215;234;202
09.07.2017-05:00;202;234;202
09.07.2017-05:15;205;234;202
09.07.2017-05:30;207;234;202
09.07.2017-05:45;209;234;202
09.07.2017-06:00;208;234;202
09.07.2017-06:15;208;234;202
09.07.2017-06:30;211;234;202
09.07.2017-06:45;204;234;202
09.07.2017-07:00;210;234;202
09.07.2017-07:15;211;234;202
09.07.2017-07:30;205;234;201
09.07.2017-07:45;206;235;201
09.07.2017-08:00;207;235;201
09.07.2017-08:15;206;235;201
09.07.2017-08:30;209;235;201
09.07.2017-08:45;211;235;201
09.07.2017-09:00;210;234;201
09.07.2017-09:15;210;234;201
09.07.2017-09:30;211;234;201
09.07.2017-09:45;208;234;201
09.07.2017-10:00;209;234;201
09.07.2017-10:15;209;234;201
09.07.2017-10:30;210;234;201
09.07.2017-10:45;209;234;201
09.07.2017-11:00;211;234;200
09.07.2017-11:15;210;234;199
09.07.2017-11:30;211;234;200
09.07.2017-11:45;211;234;200
09.07.2017-12:00;209;234;200
09.07.2017-12:15;212;234;200
09.07.2017-12:30;209;234;200
09.07.2017-12:45;210;234;200
09.07.2017-13:00;212;234;200
09.07.2017-13:15;211;234;200
09.07.2017-13:30;208;234;200
09.07.2017-13:45;210;234;199
09.07.2017-14:00;211;234;200
09.07.2017-14:15;208;234;200
09.07.2017-14:30;211;234;198
09.07.2017-14:45;207;234;198
09.07.2017-15:00;207;234;198
09.07.2017-15:15;207;234;198
09.07.2017-15:30;214;234;199
09.07.2017-15:45;210;234;199
09.07.2017-16:00;200;234;197
09.07.2017-16:15;205;234;198
09.07.2017-16:30;210;234;199
09.07.2017-16:45;217;234;200
09.07.2017-17:00;211;234;199
09.07.2017-17:15;215;234;199
09.07.2017-17:30;209;234;200
09.07.2017-17:45;218;234;200
09.07.2017-18:00;209;234;200
09.07.2017-18:15;211;234;199
09.07.2017-18:30;210;234;200
09.07.2017-18:45;213;234;200
09.07.2017-19:00;209;234;200
09.07.2017-19:15;216;234;200
09.07.2017-19:30;212;234;202
09.07.2017-19:45;214;234;213
09.07.2017-20:00;215;234;218
09.07.2017-20:15;208;234;206
09.07.2017-20:30;210;234;200
09.07.2017-20:45;210;234;197
09.07.2017-21:00;216;234;194
09.07.2017-21:15;221;234;195
09.07.2017-21:30;229;234;199
09.07.2017-21:45;222;234;199
09.07.2017-22:00;226;234;197
09.07.2017-22:15;227;234;197
09.07.2017-22:30;221;234;200
09.07.2017-22:45;223;234;200
09.07.2017-23:00;222;234;199
09.07.2017-23:15;223;234;199
09.07.2017-23:30;227;234;200
09.07.2017-23:45;226;234;200
09.07.2017-24:00;217;234;200
10.07.2017-00:15;223;234;199
10.07.2017-00:30;219;234;199
10.07.2017-00:45;217;234;199
10.07.2017-01:00;213;234;199
10.07.2017-01:15;212;234;199
10.07.2017-01:30;208;234;199
10.07.2017-01:45;206;234;199
10.07.2017-02:00;204;234;198
10.07.2017-02:15;200;234;197
10.07.2017-02:30;203;234;196
10.07.2017-02:45;201;234;195
10.07.2017-03:00;198;234;195
10.07.2017-03:15;193;234;194
10.07.2017-03:30;203;234;194
10.07.2017-03:45;206;234;193
10.07.2017-04:00;203;234;194
10.07.2017-04:15;202;234;194
10.07.2017-04:30;200;234;194
10.07.2017-04:45;204;234;194
10.07.2017-05:00;203;234;194
10.07.2017-05:15;193;234;195
10.07.2017-05:30;203;234;195
10.07.2017-05:45;200;234;194
10.07.2017-06:00;203;234;194
10.07.2017-06:15;202;234;195
10.07.2017-06:30;204;234;195
10.07.2017-06:45;201;234;195
10.07.2017-07:00;204;234;194
10.07.2017-07:15;202;234;196
10.07.2017-07:30;203;234;199
10.07.2017-07:45;203;234;201
10.07.2017-08:00;202;234;201
10.07.2017-08:15;203;234;201
10.07.2017-08:30;203;234;203
10.07.2017-08:45;204;234;203
10.07.2017-09:00;202;235;202
10.07.2017-09:15;208;235;201
10.07.2017-09:30;200;235;202
10.07.2017-09:45;204;236;202
10.07.2017-10:00;199;238;202
10.07.2017-10:15;196;239;200
10.07.2017-10:30;198;239;200
10.07.2017-10:45;204;240;200
10.07.2017-11:00;197;240;198
10.07.2017-11:15;189;241;200
10.07.2017-11:30;202;241;200
10.07.2017-11:45;200;241;200
10.07.2017-12:00;209;242;199
10.07.2017-12:15;201;242;199
10.07.2017-12:30;203;243;200
10.07.2017-12:45;204;242;201
10.07.2017-13:00;205;243;200
10.07.2017-13:15;180;244;199
10.07.2017-13:30;204;244;200
10.07.2017-13:45;203;244;199
10.07.2017-14:00;204;244;199
10.07.2017-14:15;208;243;199
10.07.2017-14:30;207;243;198
10.07.2017-14:45;199;243;199
10.07.2017-15:00;207;242;200
10.07.2017-15:15;207;242;201
10.07.2017-15:30;206;242;200
10.07.2017-15:45;213;242;201
10.07.2017-16:00;188;242;201
10.07.2017-16:15;201;241;202
10.07.2017-16:30;208;241;202
10.07.2017-16:45;208;241;202
10.07.2017-17:00;208;241;202
10.07.2017-17:15;208;241;202
10.07.2017-17:30;210;241;202
10.07.2017-17:45;207;241;202
10.07.2017-18:00;214;241;201
10.07.2017-18:15;211;240;199
10.07.2017-18:30;201;240;199
10.07.2017-18:45;210;240;199
10.07.2017-19:00;212;240;198
10.07.2017-19:15;211;240;197
10.07.2017-19:30;212;240;196
10.07.2017-19:45;215;240;196
10.07.2017-20:00;212;240;195
10.07.2017-20:15;215;240;194
10.07.2017-20:30;211;240;194
10.07.2017-20:45;211;240;193
10.07.2017-21:00;212;240;193
10.07.2017-21:15;211;240;192
10.07.2017-21:30;211;239;194
10.07.2017-21:45;214;239;195
10.07.2017-22:00;219;239;196
10.07.2017-22:15;214;239;197
10.07.2017-22:30;212;239;198
10.07.2017-22:45;212;238;199
10.07.2017-23:00;213;238;199
10.07.2017-23:15;214;238;200
10.07.2017-23:30;216;238;202
10.07.2017-23:45;216;238;203
10.07.2017-24:00;217;239;204
11.07.2017-00:15;218;239;206
11.07.2017-00:30;216;239;207
11.07.2017-00:45;217;239;209
11.07.2017-01:00;215;239;209
11.07.2017-01:15;216;239;208
11.07.2017-01:30;216;238;207
11.07.2017-01:45;218;238;206
11.07.2017-02:00;218;238;205
11.07.2017-02:15;219;238;205
11.07.2017-02:30;219;238;204
11.07.2017-02:45;220;236;203
11.07.2017-03:00;220;236;202
11.07.2017-03:15;219;236;201
11.07.2017-03:30;220;236;200
11.07.2017-03:45;220;236;200
11.07.2017-04:00;221;236;199
11.07.2017-04:15;226;236;199
11.07.2017-04:30;218;236;198
11.07.2017-04:45;220;236;198
11.07.2017-05:00;223;236;198
11.07.2017-05:15;223;236;198
11.07.2017-05:30;224;236;198
11.07.2017-05:45;226;236;199
11.07.2017-06:00;226;236;199
11.07.2017-06:15;223;236;199
11.07.2017-06:30;224;237;198
11.07.2017-06:45;224;238;198
11.07.2017-07:00;222;239;198
11.07.2017-07:15;221;239;198
11.07.2017-07:30;224;239;199
11.07.2017-07:45;221;239;200
11.07.2017-08:00;219;238;200
11.07.2017-08:15;219;238;199
11.07.2017-08:30;217;239;200
11.07.2017-08:45;216;239;201
11.07.2017-09:00;207;239;202
11.07.2017-09:15;214;239;202
11.07.2017-09:30;213;239;202
11.07.2017-09:45;213;239;202
11.07.2017-10:00;212;239;201
11.07.2017-10:15;210;239;201
11.07.2017-10:30;210;240;201
11.07.2017-10:45;208;240;201
11.07.2017-11:00;208;240;201
11.07.2017-11:15;210;240;201
11.07.2017-11:30;204;240;201
11.07.2017-11:45;199;240;201
11.07.2017-12:00;197;240;200
11.07.2017-12:15;203;240;200
11.07.2017-12:30;201;240;200
11.07.2017-12:45;205;240;200
11.07.2017-13:00;205;240;200
11.07.2017-13:15;208;240;200
11.07.2017-13:30;203;240;200
11.07.2017-13:45;203;240;200
11.07.2017-14:00;203;240;202
11.07.2017-14:15;209;240;202
11.07.2017-14:30;208;241;203
11.07.2017-14:45;200;241;202
11.07.2017-15:00;203;242;202
11.07.2017-15:15;204;243;202
11.07.2017-15:30;205;243;203
11.07.2017-15:45;202;243;201
11.07.2017-16:00;207;243;201
11.07.2017-16:15;205;245;203
11.07.2017-16:30;206;245;203
11.07.2017-16:45;202;245;201
11.07.2017-17:00;205;243;202
11.07.2017-17:15;204;243;203
11.07.2017-17:30;206;243;204
11.07.2017-17:45;207;242;203
11.07.2017-18:00;211;242;204
11.07.2017-18:15;213;241;204
11.07.2017-18:30;207;241;204
11.07.2017-18:45;219;241;205
11.07.2017-19:00;207;241;205
11.07.2017-19:15;209;241;204
11.07.2017-19:30;205;241;203
11.07.2017-19:45;199;241;203
11.07.2017-20:00;200;241;202
11.07.2017-20:15;200;241;202
11.07.2017-20:30;200;241;201
11.07.2017-20:45;201;241;200
11.07.2017-21:00;189;241;200
11.07.2017-21:15;200;241;200
11.07.2017-21:30;203;241;200
11.07.2017-21:45;200;241;199
11.07.2017-22:00;198;240;199
11.07.2017-22:15;198;240;199
11.07.2017-22:30;197;240;199
11.07.2017-22:45;198;240;200
11.07.2017-23:00;198;240;200
11.07.2017-23:15;201;240;200
11.07.2017-23:30;198;240;200
11.07.2017-23:45;200;240;201
11.07.2017-24:00;198;240;201
12.07.2017-00:15;198;240;201
12.07.2017-00:30;199;240;201
12.07.2017-00:45;199;240;201
12.07.2017-01:00;199;240;201
12.07.2017-01:15;200;240;201
12.07.2017-01:30;201;240;201
12.07.2017-01:45;200;240;202
12.07.2017-02:00;202;240;202
12.07.2017-02:15;201;240;202
12.07.2017-02:30;202;240;201
12.07.2017-02:45;202;240;201
12.07.2017-03:00;203;240;201
12.07.2017-03:15;203;240;201
12.07.2017-03:30;204;240;201
12.07.2017-03:45;204;240;200
12.07.2017-04:00;205;240;200
12.07.2017-04:15;205;240;200
12.07.2017-04:30;207;240;200
12.07.2017-04:45;210;240;200
12.07.2017-05:00;204;240;200
12.07.2017-05:15;205;240;200
12.07.2017-05:30;206;240;199
12.07.2017-05:45;207;240;199
12.07.2017-06:00;206;240;199
12.07.2017-06:15;209;240;199
12.07.2017-06:30;207;240;199
12.07.2017-06:45;209;240;199
12.07.2017-07:00;212;240;199
12.07.2017-07:15;205;240;199
12.07.2017-07:30;201;240;199
12.07.2017-07:45;203;240;199
12.07.2017-08:00;205;240;199
12.07.2017-08:15;206;240;199
12.07.2017-08:30;202;240;200
12.07.2017-08:45;206;240;200
12.07.2017-09:00;207;240;200
12.07.2017-09:15;206;240;200
12.07.2017-09:30;202;240;200
12.07.2017-09:45;201;240;201
12.07.2017-10:00;203;240;201
12.07.2017-10:15;206;240;201
12.07.2017-10:30;190;240;201
12.07.2017-10:45;201;240;201
12.07.2017-11:00;205;240;201
12.07.2017-11:15;201;240;202
12.07.2017-11:30;190;240;202
12.07.2017-11:45;200;240;202
12.07.2017-12:00;202;240;202
12.07.2017-12:15;201;240;201
12.07.2017-12:30;198;240;201
12.07.2017-12:45;200;240;201
12.07.2017-13:00;204;240;201
12.07.2017-13:15;192;240;201
12.07.2017-13:30;197;240;201
12.07.2017-13:45;198;240;201
12.07.2017-14:00;197;240;202
12.07.2017-14:15;196;240;203
12.07.2017-14:30;194;240;203
12.07.2017-14:45;197;240;203
12.07.2017-15:00;193;240;202
12.07.2017-15:15;196;240;201
12.07.2017-15:30;194;240;201
12.07.2017-15:45;197;240;201
12.07.2017-16:00;197;240;201
12.07.2017-16:15;193;240;203
12.07.2017-16:30;197;240;206
12.07.2017-16:45;197;240;204
12.07.2017-17:00;198;240;201
12.07.2017-17:15;196;240;199
12.07.2017-17:30;198;240;198
12.07.2017-17:45;198;240;198
12.07.2017-18:00;200;240;199
12.07.2017-18:15;206;240;200
12.07.2017-18:30;205;240;201
12.07.2017-18:45;200;240;202
12.07.2017-19:00;204;240;203
12.07.2017-19:15;204;240;203
12.07.2017-19:30;204;240;203
12.07.2017-19:45;204;240;203
12.07.2017-20:00;204;240;201
12.07.2017-20:15;206;240;201
12.07.2017-20:30;203;240;200
12.07.2017-20:45;204;240;200
12.07.2017-21:00;203;240;199
12.07.2017-21:15;204;240;198
12.07.2017-21:30;204;240;199
12.07.2017-21:45;205;240;199
12.07.2017-22:00;204;240;200
12.07.2017-22:15;204;240;200
12.07.2017-22:30;204;240;201
12.07.2017-22:45;204;240;201
12.07.2017-23:00;203;240;201
12.07.2017-23:15;204;240;202
12.07.2017-23:30;204;240;202
12.07.2017-23:45;204;240;203
12.07.2017-24:00;204;240;202
13.07.2017-00:15;203;240;201
13.07.2017-00:30;203;240;201
13.07.2017-00:45;203;240;200
13.07.2017-01:00;203;240;200
13.07.2017-01:15;208;240;200
13.07.2017-01:30;200;240;200
13.07.2017-01:45;204;240;199
13.07.2017-02:00;200;240;199
13.07.2017-02:15;201;240;199
13.07.2017-02:30;202;239;199
13.07.2017-02:45;201;239;199
13.07.2017-03:00;202;239;199
13.07.2017-03:15;202;239;199
13.07.2017-03:30;203;239;199
13.07.2017-03:45;201;239;200
13.07.2017-04:00;202;239;200
13.07.2017-04:15;201;239;200
13.07.2017-04:30;201;239;200
13.07.2017-04:45;201;239;200
13.07.2017-05:00;201;239;200
13.07.2017-05:15;201;239;200
13.07.2017-05:30;201;239;201
13.07.2017-05:45;202;239;201
13.07.2017-06:00;202;239;201
13.07.2017-06:15;201;240;201
13.07.2017-06:30;201;240;201
13.07.2017-06:45;202;240;201
13.07.2017-07:00;201;240;201
13.07.2017-07:15;202;240;201
13.07.2017-07:30;202;240;201
13.07.2017-07:45;201;240;201
13.07.2017-08:00;199;240;201
13.07.2017-08:15;202;240;201
13.07.2017-08:30;200;240;201
13.07.2017-08:45;201;240;201
13.07.2017-09:00;202;241;201
13.07.2017-09:15;203;240;202
13.07.2017-09:30;202;240;202
13.07.2017-09:45;202;240;202
13.07.2017-10:00;202;240;202
13.07.2017-10:15;202;240;201
13.07.2017-10:30;198;240;201
13.07.2017-10:45;200;240;200
13.07.2017-11:00;200;240;200
13.07.2017-11:15;197;240;201
13.07.2017-11:30;200;241;201
13.07.2017-11:45;200;241;200
13.07.2017-12:00;199;241;200
13.07.2017-12:15;199;241;200
13.07.2017-12:30;200;241;201
13.07.2017-12:45;199;241;200
13.07.2017-13:00;201;241;201
13.07.2017-13:15;200;241;202
13.07.2017-13:30;198;241;202
13.07.2017-13:45;199;241;201
13.07.2017-14:00;198;241;200
13.07.2017-14:15;198;240;200
13.07.2017-14:30;199;240;200
13.07.2017-14:45;199;240;199
13.07.2017-15:00;199;240;199
13.07.2017-15:15;199;240;199
13.07.2017-15:30;196;240;199
13.07.2017-15:45;204;240;198
13.07.2017-16:00;186;240;199
13.07.2017-16:15;192;240;202
13.07.2017-16:30;197;240;203
13.07.2017-16:45;197;240;199
13.07.2017-17:00;196;240;200
13.07.2017-17:15;197;240;203
13.07.2017-17:30;198;240;200
13.07.2017-17:45;196;241;195
13.07.2017-18:00;198;240;198
13.07.2017-18:15;196;240;200
13.07.2017-18:30;197;240;199
13.07.2017-18:45;199;240;196
13.07.2017-19:00;190;240;196
13.07.2017-19:15;197;241;198
13.07.2017-19:30;198;241;198
13.07.2017-19:45;199;241;197
13.07.2017-20:00;198;241;197
13.07.2017-20:15;202;240;198
13.07.2017-20:30;197;240;198
13.07.2017-20:45;197;240;198
13.07.2017-21:00;198;240;197
13.07.2017-21:15;196;240;197
13.07.2017-21:30;197;240;199
13.07.2017-21:45;198;240;199
13.07.2017-22:00;199;240;198
13.07.2017-22:15;199;240;198
13.07.2017-22:30;200;240;199
13.07.2017-22:45;198;240;200
13.07.2017-23:00;199;240;200
13.07.2017-23:15;200;240;199
13.07.2017-23:30;199;240;200
13.07.2017-23:45;200;240;200
13.07.2017-24:00;200;240;200
14.07.2017-00:15;200;240;200
14.07.2017-00:30;201;240;200
14.07.2017-00:45;202;240;200
14.07.2017-01:00;201;240;200
14.07.2017-01:15;201;240;200
14.07.2017-01:30;201;240;200
14.07.2017-01:45;201;240;200
14.07.2017-02:00;201;240;200
14.07.2017-02:15;202;240;200
14.07.2017-02:30;202;240;200
14.07.2017-02:45;203;240;200
14.07.2017-03:00;203;240;200
14.07.2017-03:15;203;240;200
14.07.2017-03:30;203;240;200
14.07.2017-03:45;203;240;200
14.07.2017-04:00;203;239;200
14.07.2017-04:15;203;239;200
14.07.2017-04:30;203;239;200
14.07.2017-04:45;203;239;200
14.07.2017-05:00;204;239;200
14.07.2017-05:15;204;239;200
14.07.2017-05:30;194;240;200
14.07.2017-05:45;204;240;200
14.07.2017-06:00;204;240;200
14.07.2017-06:15;204;240;200
14.07.2017-06:30;205;239;199
14.07.2017-06:45;210;239;199
14.07.2017-07:00;205;239;199
14.07.2017-07:15;205;239;199
14.07.2017-07:30;204;239;199
14.07.2017-07:45;204;239;199
14.07.2017-08:00;204;239;199
14.07.2017-08:15;210;239;199
14.07.2017-08:30;205;239;199
14.07.2017-08:45;201;239;198
14.07.2017-09:00;206;239;198
14.07.2017-09:15;205;239;198
14.07.2017-09:30;205;239;198
14.07.2017-09:45;206;239;198
14.07.2017-10:00;206;239;198
14.07.2017-10:15;206;239;197
14.07.2017-10:30;208;238;199
14.07.2017-10:45;209;238;199
14.07.2017-11:00;205;238;198
14.07.2017-11:15;204;238;197
14.07.2017-11:30;195;238;197
14.07.2017-11:45;204;237;198
14.07.2017-12:00;199;236;197
14.07.2017-12:15;204;237;196
14.07.2017-12:30;208;238;196
14.07.2017-12:45;204;236;196
14.07.2017-13:00;204;236;196
14.07.2017-13:15;198;236;195
14.07.2017-13:30;182;236;195
14.07.2017-13:45;205;236;195
14.07.2017-14:00;204;236;196
14.07.2017-14:15;203;236;195
14.07.2017-14:30;204;236;194
14.07.2017-14:45;205;236;194
14.07.2017-15:00;203;236;194
14.07.2017-15:15;202;236;191
14.07.2017-15:30;207;236;191
14.07.2017-15:45;197;236;192
14.07.2017-16:00;198;236;191
14.07.2017-16:15;197;235;189
14.07.2017-16:30;199;235;188
14.07.2017-16:45;197;235;189
14.07.2017-17:00;202;235;189
14.07.2017-17:15;198;235;193
14.07.2017-17:30;205;234;190
14.07.2017-17:45;202;234;192
14.07.2017-18:00;204;233;195
14.07.2017-18:15;203;233;197
14.07.2017-18:30;199;233;199
14.07.2017-18:45;202;233;199
14.07.2017-19:00;207;233;201
14.07.2017-19:15;180;233;202
14.07.2017-19:30;198;233;204
14.07.2017-19:45;206;233;204
14.07.2017-20:00;202;233;205
14.07.2017-20:15;203;233;205
14.07.2017-20:30;201;233;202
14.07.2017-20:45;200;233;199
14.07.2017-21:00;200;233;197
14.07.2017-21:15;201;234;196
14.07.2017-21:30;200;234;195
14.07.2017-21:45;202;234;197
14.07.2017-22:00;202;234;198
14.07.2017-22:15;202;234;200
14.07.2017-22:30;203;235;200
14.07.2017-22:45;201;235;202
14.07.2017-23:00;201;235;203
14.07.2017-23:15;200;235;203
14.07.2017-23:30;201;235;201
14.07.2017-23:45;200;235;200
14.07.2017-24:00;202;235;199
15.07.2017-00:15;202;235;198
15.07.2017-00:30;202;235;197
15.07.2017-00:45;202;235;197
15.07.2017-01:00;201;235;197
15.07.2017-01:15;201;235;198
15.07.2017-01:30;201;235;199
15.07.2017-01:45;201;235;200
15.07.2017-02:00;201;235;200
15.07.2017-02:15;202;235;201
15.07.2017-02:30;201;235;202
15.07.2017-02:45;202;235;203
15.07.2017-03:00;202;235;202
15.07.2017-03:15;202;235;200
15.07.2017-03:30;201;235;200
15.07.2017-03:45;201;235;199
15.07.2017-04:00;201;235;198
15.07.2017-04:15;201;235;198
15.07.2017-04:30;202;235;197
15.07.2017-04:45;202;235;197
15.07.2017-05:00;208;235;198
15.07.2017-05:15;203;235;199
15.07.2017-05:30;201;235;199
15.07.2017-05:45;199;235;200
15.07.2017-06:00;197;235;201
15.07.2017-06:15;203;235;201
15.07.2017-06:30;205;235;202
15.07.2017-06:45;205;235;202
15.07.2017-07:00;205;235;201
15.07.2017-07:15;206;235;200
15.07.2017-07:30;208;235;200
15.07.2017-07:45;205;235;199
15.07.2017-08:00;204;235;199
15.07.2017-08:15;197;235;198
15.07.2017-08:30;200;235;197
15.07.2017-08:45;205;235;197
15.07.2017-09:00;203;235;198
15.07.2017-09:15;207;235;199
15.07.2017-09:30;197;235;199
15.07.2017-09:45;205;235;200
15.07.2017-10:00;203;235;199
15.07.2017-10:15;199;237;201
15.07.2017-10:30;201;238;202
15.07.2017-10:45;198;238;203
15.07.2017-11:00;203;238;202
15.07.2017-11:15;200;238;203
15.07.2017-11:30;202;238;201
15.07.2017-11:45;200;237;200
15.07.2017-12:00;200;236;201
15.07.2017-12:15;201;236;200
15.07.2017-12:30;206;236;200
15.07.2017-12:45;197;235;201
15.07.2017-13:00;201;235;200
15.07.2017-13:15;201;235;200
15.07.2017-13:30;206;235;198
15.07.2017-13:45;199;235;200
15.07.2017-14:00;203;235;201
15.07.2017-14:15;199;235;201
15.07.2017-14:30;200;235;199
15.07.2017-14:45;202;235;199
15.07.2017-15:00;202;235;200
15.07.2017-15:15;202;235;201
15.07.2017-15:30;204;235;200
15.07.2017-15:45;203;234;200
15.07.2017-16:00;201;234;200
15.07.2017-16:15;206;235;200
15.07.2017-16:30;196;235;200
15.07.2017-16:45;168;235;200
15.07.2017-17:00;199;235;200
15.07.2017-17:15;202;235;200
15.07.2017-17:30;202;235;200
15.07.2017-17:45;204;235;200
15.07.2017-18:00;204;235;200
15.07.2017-18:15;201;235;200
15.07.2017-18:30;204;235;200
15.07.2017-18:45;200;235;200
15.07.2017-19:00;202;235;200
15.07.2017-19:15;202;235;200
15.07.2017-19:30;203;235;200
15.07.2017-19:45;203;235;200
15.07.2017-20:00;206;235;200
15.07.2017-20:15;204;235;200
15.07.2017-20:30;208;235;200
15.07.2017-20:45;205;235;200
15.07.2017-21:00;199;235;200
15.07.2017-21:15;203;235;200
15.07.2017-21:30;204;235;200
15.07.2017-21:45;205;235;200
15.07.2017-22:00;206;235;200
15.07.2017-22:15;208;235;200
15.07.2017-22:30;205;235;200
15.07.2017-22:45;207;235;200
15.07.2017-23:00;204;235;200
15.07.2017-23:15;203;235;200
15.07.2017-23:30;202;235;200
15.07.2017-23:45;203;235;200
15.07.2017-24:00;203;235;200
16.07.2017-00:15;205;235;200
16.07.2017-00:30;205;235;200
16.07.2017-00:45;205;235;200
16.07.2017-01:00;205;235;200
16.07.2017-01:15;204;235;200
16.07.2017-01:30;204;235;200
16.07.2017-01:45;204;235;200
16.07.2017-02:00;204;235;200
16.07.2017-02:15;204;235;200
16.07.2017-02:30;205;235;200
16.07.2017-02:45;205;234;200
16.07.2017-03:00;204;234;200
16.07.2017-03:15;205;234;200
16.07.2017-03:30;206;234;200
16.07.2017-03:45;210;234;200
16.07.2017-04:00;210;234;200
16.07.2017-04:15;210;234;200
16.07.2017-04:30;210;234;200
16.07.2017-04:45;211;234;200
16.07.2017-05:00;210;234;199
16.07.2017-05:15;210;234;199
16.07.2017-05:30;210;234;200
16.07.2017-05:45;210;234;200
16.07.2017-06:00;209;234;200
16.07.2017-06:15;208;234;199
16.07.2017-06:30;208;234;199
16.07.2017-06:45;209;234;199
16.07.2017-07:00;211;234;199
16.07.2017-07:15;203;234;199
16.07.2017-07:30;197;234;199
16.07.2017-07:45;201;234;199
16.07.2017-08:00;203;234;199
16.07.2017-08:15;194;234;199
16.07.2017-08:30;204;234;199
16.07.2017-08:45;205;234;199
16.07.2017-09:00;204;234;198
16.07.2017-09:15;200;234;201
16.07.2017-09:30;199;234;202
16.07.2017-09:45;201;234;199
16.07.2017-10:00;199;234;199
16.07.2017-10:15;201;234;200
16.07.2017-10:30;207;234;199
16.07.2017-10:45;198;234;197
16.07.2017-11:00;202;234;200
16.07.2017-11:15;201;234;201
16.07.2017-11:30;196;234;200
16.07.2017-11:45;198;234;198
16.07.2017-12:00;201;234;200
16.07.2017-12:15;200;234;199
16.07.2017-12:30;202;234;199
16.07.2017-12:45;190;234;199
16.07.2017-13:00;198;234;198
16.07.2017-13:15;199;234;199
16.07.2017-13:30;197;234;200
16.07.2017-13:45;196;234;200
16.07.2017-14:00;187;234;200
16.07.2017-14:15;194;234;200
16.07.2017-14:30;198;234;201
16.07.2017-14:45;200;234;201
16.07.2017-15:00;195;234;201
16.07.2017-15:15;197;234;199
16.07.2017-15:30;195;234;200
16.07.2017-15:45;192;234;200
16.07.2017-16:00;194;234;199
16.07.2017-16:15;196;234;199
16.07.2017-16:30;195;234;201
16.07.2017-16:45;189;233;201
16.07.2017-17:00;197;233;201
16.07.2017-17:15;196;233;200
16.07.2017-17:30;201;233;200
16.07.2017-17:45;194;233;200
16.07.2017-18:00;195;234;198
16.07.2017-18:15;193;234;197
16.07.2017-18:30;195;234;197
16.07.2017-18:45;194;235;196
16.07.2017-19:00;201;235;197
16.07.2017-19:15;197;235;199
16.07.2017-19:30;200;235;200
16.07.2017-19:45;198;235;200
16.07.2017-20:00;196;235;200
16.07.2017-20:15;195;235;202
16.07.2017-20:30;195;235;202
16.07.2017-20:45;196;235;201
16.07.2017-21:00;196;235;201
16.07.2017-21:15;199;235;200
16.07.2017-21:30;197;235;199
16.07.2017-21:45;200;235;198
16.07.2017-22:00;198;235;197
16.07.2017-22:15;198;235;196
16.07.2017-22:30;196;235;197
16.07.2017-22:45;197;235;198
16.07.2017-23:00;197;235;199
16.07.2017-23:15;198;235;199
16.07.2017-23:30;199;235;200
16.07.2017-23:45;198;235;202
16.07.2017-24:00;200;235;203
17.07.2017-00:15;199;235;202
17.07.2017-00:30;199;235;201
17.07.2017-00:45;198;235;200
17.07.2017-01:00;199;235;199
17.07.2017-01:15;198;235;199
17.07.2017-01:30;199;235;197
17.07.2017-01:45;200;235;196
17.07.2017-02:00;199;235;197
17.07.2017-02:15;200;235;198
17.07.2017-02:30;200;235;199
17.07.2017-02:45;200;235;200
17.07.2017-03:00;199;235;200
17.07.2017-03:15;200;235;201
17.07.2017-03:30;199;235;202
17.07.2017-03:45;201;235;203
17.07.2017-04:00;201;235;201
17.07.2017-04:15;201;235;200
17.07.2017-04:30;202;235;200
17.07.2017-04:45;202;235;199
17.07.2017-05:00;201;235;198
17.07.2017-05:15;201;235;197
17.07.2017-05:30;202;235;196
17.07.2017-05:45;201;235;197
17.07.2017-06:00;202;235;198
17.07.2017-06:15;201;235;199
17.07.2017-06:30;206;235;200
17.07.2017-06:45;203;234;201
17.07.2017-07:00;190;234;202
17.07.2017-07:15;200;234;203
17.07.2017-07:30;196;234;202
17.07.2017-07:45;201;234;201
17.07.2017-08:00;205;234;200
17.07.2017-08:15;201;234;199
17.07.2017-08:30;203;234;198
17.07.2017-08:45;203;234;197
17.07.2017-09:00;202;234;196
17.07.2017-09:15;191;234;197
17.07.2017-09:30;203;234;198
17.07.2017-09:45;205;234;199
17.07.2017-10:00;208;234;200
17.07.2017-10:15;195;234;200
17.07.2017-10:30;202;234;202
17.07.2017-10:45;203;234;203
17.07.2017-11:00;201;234;202
17.07.2017-11:15;202;234;200
17.07.2017-11:30;208;234;199
17.07.2017-11:45;203;234;197
17.07.2017-12:00;207;234;196
17.07.2017-12:15;198;234;197
17.07.2017-12:30;206;234;198
17.07.2017-12:45;204;234;199
17.07.2017-13:00;208;234;200
17.07.2017-13:15;201;234;203
17.07.2017-13:30;205;234;203
17.07.2017-13:45;204;234;202
17.07.2017-14:00;208;234;201
17.07.2017-14:15;190;234;199
17.07.2017-14:30;208;234;197
17.07.2017-14:45;206;234;195
17.07.2017-15:00;205;234;195
17.07.2017-15:15;199;234;199
17.07.2017-15:30;203;234;200
17.07.2017-15:45;206;234;200
17.07.2017-16:00;201;234;200
17.07.2017-16:15;205;234;203
17.07.2017-16:30;208;234;202
17.07.2017-16:45;207;234;200
17.07.2017-17:00;208;234;198
17.07.2017-17:15;200;234;199
17.07.2017-17:30;204;234;197
17.07.2017-17:45;207;234;196
17.07.2017-18:00;205;234;198
17.07.2017-18:15;209;234;199
17.07.2017-18:30;215;234;199
17.07.2017-18:45;203;234;200
17.07.2017-19:00;206;234;201
17.07.2017-19:15;206;234;203
17.07.2017-19:30;204;234;201
17.07.2017-19:45;203;234;201
17.07.2017-20:00;207;234;200
17.07.2017-20:15;204;234;198
17.07.2017-20:30;208;234;197
17.07.2017-20:45;208;234;196
17.07.2017-21:00;207;234;195
17.07.2017-21:15;206;234;197
17.07.2017-21:30;206;234;199
17.07.2017-21:45;204;234;200
17.07.2017-22:00;205;234;200
17.07.2017-22:15;206;234;201
17.07.2017-22:30;205;234;203
17.07.2017-22:45;207;234;202
17.07.2017-23:00;207;234;200
17.07.2017-23:15;207;234;200
17.07.2017-23:30;207;234;198
17.07.2017-23:45;206;234;197
17.07.2017-24:00;204;234;195
18.07.2017-00:15;206;234;195
18.07.2017-00:30;205;234;197
18.07.2017-00:45;206;234;198
18.07.2017-01:00;207;234;200
18.07.2017-01:15;208;234;201
18.07.2017-01:30;207;234;202
18.07.2017-01:45;207;234;203
18.07.2017-02:00;207;234;202
18.07.2017-02:15;206;234;201
18.07.2017-02:30;207;234;200
18.07.2017-02:45;206;234;199
18.07.2017-03:00;207;234;198
18.07.2017-03:15;207;234;197
18.07.2017-03:30;208;234;196
18.07.2017-03:45;207;234;197
18.07.2017-04:00;207;234;198
18.07.2017-04:15;207;234;199
18.07.2017-04:30;206;234;199
18.07.2017-04:45;207;234;200
18.07.2017-05:00;207;234;201
18.07.2017-05:15;207;234;202
18.07.2017-05:30;207;234;203
18.07.2017-05:45;208;234;201
18.07.2017-06:00;211;234;200
18.07.2017-06:15;209;234;199
18.07.2017-06:30;208;234;199
18.07.2017-06:45;201;234;197
18.07.2017-07:00;207;234;196
18.07.2017-07:15;207;234;196
18.07.2017-07:30;208;234;198
18.07.2017-07:45;210;234;198
18.07.2017-08:00;209;234;199
18.07.2017-08:15;207;234;200
18.07.2017-08:30;208;234;201
18.07.2017-08:45;206;234;202
18.07.2017-09:00;205;234;203
18.07.2017-09:15;208;234;201
18.07.2017-09:30;207;234;200
18.07.2017-09:45;208;233;199
18.07.2017-10:00;206;233;199
18.07.2017-10:15;205;233;197
18.07.2017-10:30;207;233;196
18.07.2017-10:45;206;233;196
18.07.2017-11:00;210;233;197
18.07.2017-11:15;194;233;198
18.07.2017-11:30;201;233;199
18.07.2017-11:45;206;233;200
18.07.2017-12:00;208;233;201
18.07.2017-12:15;195;233;202
18.07.2017-12:30;206;233;203
18.07.2017-12:45;208;233;201
18.07.2017-13:00;204;233;198
18.07.2017-13:15;202;234;200
18.07.2017-13:30;207;234;198
18.07.2017-13:45;207;234;197
18.07.2017-14:00;208;234;197
18.07.2017-14:15;204;234;200
18.07.2017-14:30;206;234;199
18.07.2017-14:45;206;234;198
18.07.2017-15:00;201;234;200
18.07.2017-15:15;200;234;202
18.07.2017-15:30;205;234;200
18.07.2017-15:45;206;235;199
18.07.2017-16:00;211;235;199
18.07.2017-16:15;205;235;199
18.07.2017-16:30;205;235;198
18.07.2017-16:45;205;235;196
18.07.2017-17:00;205;235;199
18.07.2017-17:15;202;235;201
18.07.2017-17:30;209;235;201
18.07.2017-17:45;205;235;200
18.07.2017-18:00;208;235;201
18.07.2017-18:15;212;234;199
18.07.2017-18:30;198;234;199
18.07.2017-18:45;205;234;198
18.07.2017-19:00;204;234;198
18.07.2017-19:15;200;234;197
18.07.2017-19:30;203;234;197
18.07.2017-19:45;201;234;198
18.07.2017-20:00;206;234;200
18.07.2017-20:15;204;234;201
18.07.2017-20:30;210;234;200
18.07.2017-20:45;209;234;200
18.07.2017-21:00;207;234;202
18.07.2017-21:15;205;234;200
18.07.2017-21:30;203;234;198
18.07.2017-21:45;203;234;197
18.07.2017-22:00;204;234;198
18.07.2017-22:15;207;234;197
18.07.2017-22:30;206;234;197
18.07.2017-22:45;209;234;199
18.07.2017-23:00;206;234;200
18.07.2017-23:15;206;234;200
18.07.2017-23:30;204;234;200
18.07.2017-23:45;204;234;202
18.07.2017-24:00;203;234;202
19.07.2017-00:15;205;234;200
19.07.2017-00:30;205;234;199
19.07.2017-00:45;206;234;199
19.07.2017-01:00;207;234;198
19.07.2017-01:15;206;234;197
19.07.2017-01:30;205;234;196
19.07.2017-01:45;204;234;198
19.07.2017-02:00;204;234;198
19.07.2017-02:15;202;234;199
19.07.2017-02:30;205;234;200
19.07.2017-02:45;204;234;201
19.07.2017-03:00;205;234;201
19.07.2017-03:15;205;234;202
19.07.2017-03:30;205;234;203
19.07.2017-03:45;204;234;200
19.07.2017-04:00;204;234;199
19.07.2017-04:15;203;234;199
19.07.2017-04:30;203;234;198
19.07.2017-04:45;204;234;196
19.07.2017-05:00;204;234;197
19.07.2017-05:15;205;234;198
19.07.2017-05:30;204;234;198
19.07.2017-05:45;204;234;199
19.07.2017-06:00;204;234;200
19.07.2017-06:15;200;233;201
19.07.2017-06:30;202;233;202
19.07.2017-06:45;202;233;203
19.07.2017-07:00;202;233;202
19.07.2017-07:15;203;234;200
19.07.2017-07:30;203;234;199
19.07.2017-07:45;203;234;199
19.07.2017-08:00;203;234;197
19.07.2017-08:15;203;234;196
19.07.2017-08:30;201;234;196
19.07.2017-08:45;202;234;197
19.07.2017-09:00;202;234;199
19.07.2017-09:15;202;234;202
19.07.2017-09:30;202;234;202
19.07.2017-09:45;203;234;203
19.07.2017-10:00;203;234;204
19.07.2017-10:15;203;234;200
19.07.2017-10:30;204;234;196
19.07.2017-10:45;201;234;195
19.07.2017-11:00;203;234;195
19.07.2017-11:15;204;234;196
19.07.2017-11:30;200;234;198
19.07.2017-11:45;200;234;200
19.07.2017-12:00;201;234;201
19.07.2017-12:15;203;234;201
19.07.2017-12:30;203;234;203
19.07.2017-12:45;200;234;201
19.07.2017-13:00;204;234;200
19.07.2017-13:15;201;234;200
19.07.2017-13:30;201;234;199
19.07.2017-13:45;208;234;196
19.07.2017-14:00;200;234;198
19.07.2017-14:15;200;234;200
19.07.2017-14:30;201;234;200
19.07.2017-14:45;203;234;199
19.07.2017-15:00;199;234;202
19.07.2017-15:15;206;234;202
19.07.2017-15:30;203;234;200
19.07.2017-15:45;204;234;198
19.07.2017-16:00;204;234;198
19.07.2017-16:15;200;234;198
19.07.2017-16:30;201;234;197
19.07.2017-16:45;200;234;197
19.07.2017-17:00;203;234;198
19.07.2017-17:15;201;234;201
19.07.2017-17:30;198;234;201
19.07.2017-17:45;200;234;201
19.07.2017-18:00;208;234;201
19.07.2017-18:15;192;234;200
19.07.2017-18:30;202;234;199
19.07.2017-18:45;203;234;199
19.07.2017-19:00;203;234;199
19.07.2017-19:15;201;234;199
19.07.2017-19:30;205;234;197
19.07.2017-19:45;202;233;197
19.07.2017-20:00;203;233;197
19.07.2017-20:15;210;233;197
19.07.2017-20:30;203;233;199
19.07.2017-20:45;198;233;199
19.07.2017-21:00;201;233;199
19.07.2017-21:15;203;233;200
19.07.2017-21:30;203;233;200
19.07.2017-21:45;206;233;201
19.07.2017-22:00;206;233;202
19.07.2017-22:15;205;233;201
19.07.2017-22:30;208;233;200
19.07.2017-22:45;204;233;200
19.07.2017-23:00;205;233;199
19.07.2017-23:15;204;233;198
19.07.2017-23:30;204;234;198
19.07.2017-23:45;203;234;197
19.07.2017-24:00;207;234;196
20.07.2017-00:15;206;234;197
20.07.2017-00:30;207;234;199
20.07.2017-00:45;207;234;199
20.07.2017-01:00;206;234;199
20.07.2017-01:15;203;234;200
20.07.2017-01:30;202;234;202
20.07.2017-01:45;205;234;203
20.07.2017-02:00;198;234;201
20.07.2017-02:15;202;234;200
20.07.2017-02:30;199;234;199
20.07.2017-02:45;204;234;198
20.07.2017-03:00;204;234;198
20.07.2017-03:15;206;234;196
20.07.2017-03:30;203;234;196
20.07.2017-03:45;207;234;197
20.07.2017-04:00;207;234;198
20.07.2017-04:15;206;234;199
20.07.2017-04:30;208;234;200
20.07.2017-04:45;207;234;202
20.07.2017-05:00;203;233;203
20.07.2017-05:15;205;233;203
20.07.2017-05:30;204;233;201
20.07.2017-05:45;203;233;200
20.07.2017-06:00;207;233;198
20.07.2017-06:15;207;234;197
20.07.2017-06:30;204;234;196
20.07.2017-06:45;207;234;195
20.07.2017-07:00;208;234;197
20.07.2017-07:15;205;234;199
20.07.2017-07:30;206;234;200
20.07.2017-07:45;205;234;202
20.07.2017-08:00;207;234;204
20.07.2017-08:15;206;234;205
20.07.2017-08:30;201;234;203
20.07.2017-08:45;206;234;200
20.07.2017-09:00;207;234;199
20.07.2017-09:15;211;234;197
20.07.2017-09:30;206;234;196
20.07.2017-09:45;199;234;195
20.07.2017-10:00;201;234;197
20.07.2017-10:15;204;234;199
20.07.2017-10:30;203;234;200
20.07.2017-10:45;201;234;201
20.07.2017-11:00;206;234;203
20.07.2017-11:15;201;234;202
20.07.2017-11:30;204;234;202
20.07.2017-11:45;201;234;201
20.07.2017-12:00;201;234;199
20.07.2017-12:15;199;234;197
20.07.2017-12:30;200;234;196
20.07.2017-12:45;198;234;196
20.07.2017-13:00;199;234;197
20.07.2017-13:15;200;234;199
20.07.2017-13:30;200;234;201
20.07.2017-13:45;200;234;202
20.07.2017-14:00;196;234;202
20.07.2017-14:15;194;234;202
20.07.2017-14:30;196;234;200
20.07.2017-14:45;189;234;198
20.07.2017-15:00;192;234;196
20.07.2017-15:15;193;234;195
20.07.2017-15:30;198;234;196
20.07.2017-15:45;191;234;198
20.07.2017-16:00;189;234;199
20.07.2017-16:15;189;234;199
20.07.2017-16:30;192;234;201
20.07.2017-16:45;194;234;202
20.07.2017-17:00;193;234;202
20.07.2017-17:15;195;234;202
20.07.2017-17:30;195;234;201
20.07.2017-17:45;197;234;200
20.07.2017-18:00;195;235;198
20.07.2017-18:15;198;235;197
20.07.2017-18:30;195;235;197
20.07.2017-18:45;196;235;197
20.07.2017-19:00;196;235;198
20.07.2017-19:15;197;235;200
20.07.2017-19:30;198;235;202
20.07.2017-19:45;199;235;203
20.07.2017-20:00;200;235;202
20.07.2017-20:15;199;235;202
20.07.2017-20:30;201;235;201
20.07.2017-20:45;199;235;199
20.07.2017-21:00;200;235;199
20.07.2017-21:15;199;235;198
20.07.2017-21:30;200;235;197
20.07.2017-21:45;200;235;198
20.07.2017-22:00;202;235;199
20.07.2017-22:15;202;235;199
20.07.2017-22:30;202;235;199
20.07.2017-22:45;202;235;200
20.07.2017-23:00;202;235;201
20.07.2017-23:15;202;235;201
20.07.2017-23:30;202;235;202
20.07.2017-23:45;202;235;202
20.07.2017-24:00;202;236;202
21.07.2017-00:15;203;236;200
21.07.2017-00:30;203;235;200
21.07.2017-00:45;203;236;200
21.07.2017-01:00;203;236;199
21.07.2017-01:15;203;236;197
21.07.2017-01:30;203;236;197
21.07.2017-01:45;203;236;198
21.07.2017-02:00;203;236;198
21.07.2017-02:15;203;236;199
21.07.2017-02:30;204;236;200
21.07.2017-02:45;204;236;200
21.07.2017-03:00;204;236;201
21.07.2017-03:15;204;236;201
21.07.2017-03:30;204;236;202
21.07.2017-03:45;204;236;202
21.07.2017-04:00;203;236;200
21.07.2017-04:15;203;236;200
21.07.2017-04:30;206;236;199
21.07.2017-04:45;207;236;199
21.07.2017-05:00;204;236;198
21.07.2017-05:15;199;236;198
21.07.2017-05:30;203;236;197
21.07.2017-05:45;203;236;197
21.07.2017-06:00;202;236;198
21.07.2017-06:15;205;236;199
21.07.2017-06:30;203;237;199
21.07.2017-06:45;205;238;200
21.07.2017-07:00;204;238;200
21.07.2017-07:15;203;238;201
21.07.2017-07:30;198;238;201
21.07.2017-07:45;200;238;202
21.07.2017-08:00;198;238;202
21.07.2017-08:15;199;238;201
21.07.2017-08:30;201;238;200
21.07.2017-08:45;200;238;200
21.07.2017-09:00;200;238;200
21.07.2017-09:15;200;236;199
21.07.2017-09:30;199;236;198
21.07.2017-09:45;197;236;198
21.07.2017-10:00;198;236;200
21.07.2017-10:15;197;236;200
21.07.2017-10:30;197;236;200
21.07.2017-10:45;198;236;199
21.07.2017-11:00;198;236;201
21.07.2017-11:15;198;236;202
21.07.2017-11:30;199;236;200
21.07.2017-11:45;197;236;198
21.07.2017-12:00;194;236;198
21.07.2017-12:15;197;236;198
21.07.2017-12:30;195;236;198
21.07.2017-12:45;196;236;198
21.07.2017-13:00;198;236;199
21.07.2017-13:15;199;236;199
21.07.2017-13:30;198;236;199
21.07.2017-13:45;200;236;199
21.07.2017-14:00;196;236;200
21.07.2017-14:15;197;236;202
21.07.2017-14:30;198;236;202
21.07.2017-14:45;196;236;201
21.07.2017-15:00;198;236;200
21.07.2017-15:15;199;236;199
21.07.2017-15:30;199;236;196
21.07.2017-15:45;200;236;195
21.07.2017-16:00;201;236;196
21.07.2017-16:15;198;236;198
21.07.2017-16:30;199;236;198
21.07.2017-16:45;199;237;200
21.07.2017-17:00;198;238;203
21.07.2017-17:15;196;238;204
21.07.2017-17:30;199;238;204
21.07.2017-17:45;199;238;202
21.07.2017-18:00;196;236;199
21.07.2017-18:15;184;236;198
21.07.2017-18:30;197;236;197
21.07.2017-18:45;196;236;195
21.07.2017-19:00;200;236;197
21.07.2017-19:15;200;236;199
21.07.2017-19:30;202;236;199
21.07.2017-19:45;201;236;200
21.07.2017-20:00;199;236;202
21.07.2017-20:15;198;236;203
21.07.2017-20:30;202;236;202
21.07.2017-20:45;199;236;200
21.07.2017-21:00;203;236;200
21.07.2017-21:15;204;236;199
21.07.2017-21:30;202;236;196
21.07.2017-21:45;204;236;196
21.07.2017-22:00;203;238;199
21.07.2017-22:15;202;239;207
21.07.2017-22:30;201;239;209
21.07.2017-22:45;203;239;204
21.07.2017-23:00;201;239;200
21.07.2017-23:15;204;239;200
21.07.2017-23:30;205;238;201
21.07.2017-23:45;205;238;198
21.07.2017-24:00;206;238;196
22.07.2017-00:15;207;236;195
22.07.2017-00:30;206;236;196
22.07.2017-00:45;207;236;195
22.07.2017-01:00;208;236;193
22.07.2017-01:15;207;236;194
22.07.2017-01:30;208;236;197
22.07.2017-01:45;208;236;197
22.07.2017-02:00;208;236;197
22.07.2017-02:15;208;236;196
22.07.2017-02:30;209;236;197
22.07.2017-02:45;209;236;198
22.07.2017-03:00;209;236;198
22.07.2017-03:15;209;236;197
22.07.2017-03:30;209;236;198
22.07.2017-03:45;209;236;198
22.07.2017-04:00;210;236;199
22.07.2017-04:15;215;236;198
22.07.2017-04:30;211;236;198
22.07.2017-04:45;204;236;199
22.07.2017-05:00;209;236;198
22.07.2017-05:15;209;236;197
22.07.2017-05:30;209;236;197
22.07.2017-05:45;211;236;197
22.07.2017-06:00;211;236;197
22.07.2017-06:15;211;236;197
22.07.2017-06:30;211;236;196
22.07.2017-06:45;210;236;196
22.07.2017-07:00;209;237;196
22.07.2017-07:15;208;238;196
22.07.2017-07:30;208;238;195
22.07.2017-07:45;207;238;195
22.07.2017-08:00;207;238;195
22.07.2017-08:15;206;238;193
22.07.2017-08:30;205;238;191
22.07.2017-08:45;205;238;195
22.07.2017-09:00;204;238;196
22.07.2017-09:15;206;238;196
22.07.2017-09:30;205;238;193
22.07.2017-09:45;188;238;196
22.07.2017-10:00;201;238;194
22.07.2017-10:15;201;238;194
22.07.2017-10:30;201;238;195
22.07.2017-10:45;201;239;197
22.07.2017-11:00;205;239;196
22.07.2017-11:15;197;239;194
22.07.2017-11:30;202;239;194
22.07.2017-11:45;199;239;196
22.07.2017-12:00;198;240;198
22.07.2017-12:15;199;240;198
22.07.2017-12:30;200;240;196
22.07.2017-12:45;196;240;195
22.07.2017-13:00;199;241;199
22.07.2017-13:15;207;241;200
22.07.2017-13:30;197;241;200
22.07.2017-13:45;192;242;199
22.07.2017-14:00;198;242;201
22.07.2017-14:15;199;242;199
22.07.2017-14:30;199;242;200
22.07.2017-14:45;203;242;201
22.07.2017-15:00;200;242;200
22.07.2017-15:15;200;242;199
22.07.2017-15:30;204;242;200
22.07.2017-15:45;194;242;200
22.07.2017-16:00;192;242;201
22.07.2017-16:15;201;242;200
22.07.2017-16:30;204;242;199
22.07.2017-16:45;203;241;200
22.07.2017-17:00;204;241;196
22.07.2017-17:15;201;241;196
22.07.2017-17:30;202;241;198
22.07.2017-17:45;202;241;199
22.07.2017-18:00;198;241;197
22.07.2017-18:15;199;241;197
22.07.2017-18:30;201;241;198
22.07.2017-18:45;200;241;199
22.07.2017-19:00;201;241;199
22.07.2017-19:15;196;241;198
22.07.2017-19:30;199;241;199
22.07.2017-19:45;201;241;200
22.07.2017-20:00;201;241;199
22.07.2017-20:15;203;241;199
22.07.2017-20:30;200;241;200
22.07.2017-20:45;194;241;200
22.07.2017-21:00;199;241;200
22.07.2017-21:15;205;241;200
22.07.2017-21:30;199;240;200
22.07.2017-21:45;203;240;200
22.07.2017-22:00;202;240;201
22.07.2017-22:15;202;240;201
22.07.2017-22:30;202;240;201
22.07.2017-22:45;204;240;200
22.07.2017-23:00;202;240;201
22.07.2017-23:15;201;240;201
22.07.2017-23:30;202;240;200
22.07.2017-23:45;200;240;200
22.07.2017-24:00;202;240;200
23.07.2017-00:15;199;240;200
23.07.2017-00:30;199;240;199
23.07.2017-00:45;201;240;199
23.07.2017-01:00;200;240;199
23.07.2017-01:15;200;240;199
23.07.2017-01:30;201;240;198
23.07.2017-01:45;196;239;198
23.07.2017-02:00;200;239;197
23.07.2017-02:15;200;239;197
23.07.2017-02:30;199;239;196
23.07.2017-02:45;198;239;196
23.07.2017-03:00;198;239;195
23.07.2017-03:15;199;239;195
23.07.2017-03:30;199;239;195
23.07.2017-03:45;199;239;195
23.07.2017-04:00;199;239;194
23.07.2017-04:15;198;239;194
23.07.2017-04:30;198;239;195
23.07.2017-04:45;197;239;195
23.07.2017-05:00;198;239;195
23.07.2017-05:15;197;239;195
23.07.2017-05:30;198;239;195
23.07.2017-05:45;201;239;195
23.07.2017-06:00;201;239;195
23.07.2017-06:15;184;239;195
23.07.2017-06:30;198;239;195
23.07.2017-06:45;198;239;195
23.07.2017-07:00;196;239;195
23.07.2017-07:15;188;238;195
23.07.2017-07:30;193;238;195
23.07.2017-07:45;194;238;195
23.07.2017-08:00;195;238;196
23.07.2017-08:15;195;238;196
23.07.2017-08:30;196;238;196
23.07.2017-08:45;197;238;196
23.07.2017-09:00;197;238;196
23.07.2017-09:15;192;238;194
23.07.2017-09:30;195;238;195
23.07.2017-09:45;193;238;195
23.07.2017-10:00;192;238;194
23.07.2017-10:15;189;238;193
23.07.2017-10:30;197;238;194
23.07.2017-10:45;193;237;195
23.07.2017-11:00;196;237;195
23.07.2017-11:15;191;237;194
23.07.2017-11:30;194;236;194
23.07.2017-11:45;193;236;195
23.07.2017-12:00;193;236;195
23.07.2017-12:15;194;236;195
23.07.2017-12:30;194;236;193
23.07.2017-12:45;193;236;194
23.07.2017-13:00;195;236;195
23.07.2017-13:15;193;236;195
23.07.2017-13:30;193;236;193
23.07.2017-13:45;194;236;197
23.07.2017-14:00;195;236;199
23.07.2017-14:15;192;236;200
23.07.2017-14:30;196;236;199
23.07.2017-14:45;193;236;201
23.07.2017-15:00;194;236;203
23.07.2017-15:15;196;236;203
23.07.2017-15:30;202;236;202
23.07.2017-15:45;196;236;203
23.07.2017-16:00;188;236;204
23.07.2017-16:15;194;236;203
23.07.2017-16:30;195;236;202
23.07.2017-16:45;195;236;203
23.07.2017-17:00;198;236;202
23.07.2017-17:15;200;236;202
23.07.2017-17:30;199;236;201
23.07.2017-17:45;202;236;201
23.07.2017-18:00;202;236;201
23.07.2017-18:15;188;236;201
23.07.2017-18:30;192;236;200
23.07.2017-18:45;196;236;200
23.07.2017-19:00;194;236;200
23.07.2017-19:15;200;236;200
23.07.2017-19:30;200;236;200
23.07.2017-19:45;184;236;200
23.07.2017-20:00;192;235;200
23.07.2017-20:15;206;235;200
23.07.2017-20:30;200;235;200
23.07.2017-20:45;189;235;200
23.07.2017-21:00;199;235;200
23.07.2017-21:15;202;235;200
23.07.2017-21:30;201;235;200
23.07.2017-21:45;203;235;199
23.07.2017-22:00;201;235;199
23.07.2017-22:15;203;235;199
23.07.2017-22:30;203;235;199
23.07.2017-22:45;205;235;199
23.07.2017-23:00;205;235;199
23.07.2017-23:15;204;235;199
23.07.2017-23:30;204;235;199
23.07.2017-23:45;204;235;199
23.07.2017-24:00;205;235;199
24.07.2017-00:15;204;235;199
24.07.2017-00:30;206;235;199
24.07.2017-00:45;206;235;199
24.07.2017-01:00;207;235;199
24.07.2017-01:15;206;235;199
24.07.2017-01:30;207;236;199
24.07.2017-01:45;206;236;199
24.07.2017-02:00;207;236;199
24.07.2017-02:15;207;236;199
24.07.2017-02:30;207;236;199
24.07.2017-02:45;208;236;200
24.07.2017-03:00;208;236;201
24.07.2017-03:15;209;236;202
24.07.2017-03:30;209;236;203
24.07.2017-03:45;209;237;203
24.07.2017-04:00;209;238;204
24.07.2017-04:15;210;238;205
24.07.2017-04:30;210;239;205
24.07.2017-04:45;211;239;205
24.07.2017-05:00;212;239;206
24.07.2017-05:15;214;239;206
24.07.2017-05:30;213;239;208
24.07.2017-05:45;216;239;208
24.07.2017-06:00;217;240;208
24.07.2017-06:15;219;240;208
24.07.2017-06:30;219;240;207
24.07.2017-06:45;223;239;203
24.07.2017-07:00;227;239;201
24.07.2017-07:15;233;239;198
24.07.2017-07:30;229;239;197
24.07.2017-07:45;229;239;195
24.07.2017-08:00;227;239;194
24.07.2017-08:15;227;238;194
24.07.2017-08:30;227;238;194
24.07.2017-08:45;227;238;194
24.07.2017-09:00;225;238;193
24.07.2017-09:15;224;238;193
24.07.2017-09:30;228;238;194
24.07.2017-09:45;223;238;195
24.07.2017-10:00;220;236;196
24.07.2017-10:15;225;237;195
24.07.2017-10:30;228;238;195
24.07.2017-10:45;225;238;195
24.07.2017-11:00;221;238;195
24.07.2017-11:15;218;238;195
24.07.2017-11:30;216;238;194
24.07.2017-11:45;214;238;194
24.07.2017-12:00;204;239;194
24.07.2017-12:15;207;239;193
24.07.2017-12:30;206;239;194
24.07.2017-12:45;205;239;194
24.07.2017-13:00;193;239;194
24.07.2017-13:15;199;239;195
24.07.2017-13:30;195;239;195
24.07.2017-13:45;199;239;196
24.07.2017-14:00;189;239;197
24.07.2017-14:15;182;240;198
24.07.2017-14:30;195;240;199
24.07.2017-14:45;193;240;198
24.07.2017-15:00;186;240;198
24.07.2017-15:15;197;240;198
24.07.2017-15:30;200;241;199
24.07.2017-15:45;195;242;201
24.07.2017-16:00;199;242;202
24.07.2017-16:15;199;242;203
24.07.2017-16:30;204;242;202
24.07.2017-16:45;188;243;203
24.07.2017-17:00;203;243;204
24.07.2017-17:15;207;244;203
24.07.2017-17:30;210;244;202
24.07.2017-17:45;208;244;202
24.07.2017-18:00;210;245;202
24.07.2017-18:15;209;245;202
24.07.2017-18:30;211;245;202
24.07.2017-18:45;212;245;202
24.07.2017-19:00;215;246;203
24.07.2017-19:15;214;246;204
24.07.2017-19:30;218;246;204
24.07.2017-19:45;217;246;204
24.07.2017-20:00;218;246;204
24.07.2017-20:15;217;246;204
24.07.2017-20:30;217;246;204
24.07.2017-20:45;214;247;204
24.07.2017-21:00;213;247;203
24.07.2017-21:15;211;247;203
24.07.2017-21:30;209;247;202
24.07.2017-21:45;207;247;202
24.07.2017-22:00;208;247;202
24.07.2017-22:15;203;247;202
24.07.2017-22:30;197;247;202
24.07.2017-22:45;200;247;202
24.07.2017-23:00;201;247;201
24.07.2017-23:15;199;247;201
24.07.2017-23:30;199;246;202
24.07.2017-23:45;198;246;202
24.07.2017-24:00;198;246;202
